001|TABUAS PINUS 30CM C/300 1.8|PC||72.897|20.00|10.70|18.50|1||500|14.99|0.00|0.00|0.00|18.50|4407.99.90|5.405|-763.0000
002|TABUAS PINUS 28CM C/300 1.8|PC||76.768|20.00|9.90|17.50|1||500|0.00|0.00|0.00|0.00|17.50|4418.10.00|5.405|703.0000
003|TABUAS PINUS 20CM C/300 1.8|PC||66.667|20.00|6.21|10.35|1||500|13.50|0.00|0.00|0.00|10.35|4407.99.90|5.405|182.0000
004|SARR.PINUS 15CM C/300 1.8|PC||101.299|20.00|3.85|7.75|1||500|0.00|0.00|0.00|0.00|7.75|4407.99.90|5.405|399.0000
005|SARR.PINUS 10CM C/300 1.8|PC||123.529|20.00|2.55|5.70|1||500|0.00|0.00|0.00|0.00|5.70|4407.99.90|5.405|-3.0000
006|SARR.PINUS 2X1|PC||20.000|20.00|1.25|1.50|1||500|0.00|0.00|0.00|0.00|1.50|4407.99.90|5.405|-771.0000
007|PERNAS DE PINUS 5,5 X 5,5|PC||105.747|20.00|4.35|8.95|1||500|0.00|0.00|0.00|0.00|8.95|4407.99.90|5.405|-156.0000
008|PERNAS DE PINUS 6,5 X 6,5|PC||109.756|20.00|6.15|12.90|1||500|16.25|15.30|0.00|0.00|12.90|4407.99.90|5.405|-863.0000
0011|PERNA DE PINUS SECO ESTUFA 6X6 CM|UN||110.084|20.00|5.95|12.50|1||500|15.00|16.25|0.00|0.00|12.50|4407.99.90|5.405|451.0000
0015|FENOLICO 10 M/M|CH||67.840|20.00|21.30|35.75|1||500|0.00|0.00|0.00|0.00|35.75|4412.99.00|5.405|0.0000
0016|FENOLICO 14 M/M|CH||70.397|20.00|27.70|47.20|1||500|0.00|0.00|0.00|0.00|47.20|4412.99.00|5.405|16.0000
0017|FENOLICO 17 M/M|CH||79.528|20.00|31.75|57.00|1||500|0.00|0.00|0.00|0.00|57.00|4412.99.00|5.405|0.0000
0018|PLASTIFICADO  10M/M|CH||64.706|20.00|34.00|56.00|1||500|0.00|0.00|0.00|0.00|56.00|4412.39.00|5.405|-71.0000
0019|PLASTIFICADO 2ï¿½ 14 M/M|CH||32.143|20.00|28.00|37.00|1||500|0.00|0.00|0.00|0.00|37.00|4412.39.00|5.405|-99.0000
0020|RESINADO MR 06 M/M / 220X110|CH||70.040|20.00|12.35|21.00|1||500|0.00|0.00|0.00|0.00|21.00|4412.99.00|5.405|183.0000
0021|PLASTIFICADO  17 M/M|CH||71.154|20.00|52.00|89.00|1||500|0.00|0.00|0.00|0.00|89.00|4412.39.00|5.405|-191.0000
0022|RESINADO MR 10 M/M / 220X110|CH||66.584|20.00|20.05|33.40|1||500|0.00|0.00|0.00|0.00|33.40|4412.99.00|5.405|150.0000
0023|RESINADO MR 14 M/M / 220X110|CH||66.667|20.00|28.95|48.25|1||500|18.00|0.00|0.00|0.00|48.25|4412.99.00|5.405|25.0000
0024|RESINADO MR 17 M/M / 220X110|CH||66.620|20.00|35.65|59.40|1||500|0.00|0.00|0.00|0.00|59.40|4412.99.00|5.405|38.0000
0025|LAMBRIL CEDRINHO MESCLA|M2||86.667|20.00|26.25|49.00|3||500|53.90|0.00|0.00|0.00|49.00|4407.99.90|5.405|-594.8250
0026|LAMBRIL ANGELIN 10X1|M2||93.103|20.00|29.00|56.00|3||500|60.50|0.00|0.00|0.00|55.00|4407.99.90|5.405|-270.4000
0027|LAMBRIL PVC BRANCO 20 CM|M2||85.930|20.00|9.95|18.50|3||500|0.00|0.00|0.00|0.00|18.50|3916.20.00|5.405|0.0000
0028|OSB TAPUME 10 M/M|CH||93.443|20.00|30.50|59.00|1||500|0.00|0.00|0.00|0.00|59.00|4410.12.10|5.405|156.0000
0029|OSB TAPUME 12 M/M|CH||85.185|20.00|28.08|52.00|1||500|0.00|0.00|0.00|0.00|52.00|4410.12.10|5.405|0.0000
0030|OSB TAPUME 14 M/M|CH||81.874|20.00|32.44|59.00|1||500|0.00|0.00|0.00|0.00|59.00|4410.12.10|5.405|0.0000
0037|TABUAS CEDRINHO 30CM|ML||107.692|20.00|9.10|18.90|2||500|25.00|22.00|0.00|0.00|18.90|4407.99.90|5.405|-160.4000
0038|PRANCHADO CEDRO ROSA 30X3,5|ML||127.273|20.00|2200.00|5000.00|4||500|7000.00|0.00|0.00|0.00|0.00|4407.99.90|5.405|127.7023
0039|TABUA PINUS SECO ESTUFA 15 CM.|UN||69.960|20.00|7.59|12.90|1||500|19.60|0.00|0.00|0.00|12.90|4407.99.90|5.405|194.0000
0040|SARRAFOS EUCALIPTO 15CM C/ 3,00|PC||98.000|20.00|7.50|14.85|1||500|19.30|0.00|0.00|0.00|14.85|4407.10.00|5.405|451.0000
0041|SARRAFOS CEDRINHO 15 CM|PC||105.747|20.00|4.35|8.95|2||500|11.90|0.00|0.00|0.00|8.95|4407.99.90|5.405|-310.0000
0042|SARRAFO DE CEDRINHO 5CM|ML||212.000|20.00|1.25|3.90|2||500|5.10|0.00|0.00|0.00|3.90|4407.99.90|5.405|-8796.4500
0043|DECK IPE EXTRA 10X2|ML||110.606|20.00|6.60|13.90|2||500|15.30|0.00|0.00|0.00|13.90|4407.29.20|5.405|-7070.1000
0044|DECK IPE TABACO  10X2|ML||114.773|20.00|8.80|18.90|2||500|20.80|0.00|0.00|0.00|18.90|4407.29.20|5.405|-1548.8000
0047|TABUAS PINUS 30CM C/300 2.3|PC||104.819|20.00|12.45|25.50|1||500|27.00|35.00|0.00|40.00|25.50|4407.99.90|5.405|146.0000
0048|TABUAS PINUS 30CM C/300 2.2|PC||147.368|20.00|9.50|23.50|1||500|22.00|0.00|0.00|0.00|23.50|4407.99.90|5.405|-234.0000
0049|TABUAS PINUS 20CM C/300 2.3|PC||67.105|20.00|7.60|12.70|1||500|16.50|0.00|0.00|0.00|12.70|4407.99.90|5.405|-174.0000
0050|SARR.PINUS 15CM C/300 2.3|PC||102.041|20.00|4.90|9.90|1||500|11.75|10.50|0.00|0.00|9.90|4407.99.90|5.405|-33.0000
0051|SARR.PINUS 10CM C/300 2.3|PC||96.923|20.00|3.25|6.40|1||500|0.00|0.00|0.00|0.00|6.40|4407.99.90|5.405|-16.0000
0052|SARR.PINUS 7CM C/300 2.3|PC||103.704|20.00|2.16|4.40|1||500|0.00|0.00|0.00|0.00|4.40|4407.99.90|5.405|-2835.0000
0053|SARR.PINUS 5CM C/300 2.3|PC||112.500|20.00|1.60|3.40|1||500|4.00|0.00|0.00|0.00|3.40|4407.99.90|5.405|-6913.0000
0056|CLIMAFOIL EXTRA|M2||111.538|20.00|2.60|5.50|3||500|0.00|0.00|0.00|0.00|5.50|7607.20.00|5.405|-2170.0000
0057|DURALFOIL ALQUA|M2||65.957|20.00|2.35|3.90|3||500|0.00|0.00|0.00|0.00|3.90|7607.20.00|5.405|185.0000
0058|DOBRADICA GALVANIZADA ROCHA|UN||172.727|20.00|5.50|15.00|1||500|0.00|0.00|0.00|0.00|15.00|7607.20.00|5.405|77.0000
0059|PORTA LISA PINTURA PINUS 0.60|UN||92.683|20.00|41.00|79.00|1||500|49.00|0.00|0.00|0.00|79.00|4418.20.00|5.405|-16.0000
0060|PORTA LISA PINTURA PINUS 0.70|UN||92.683|20.00|41.00|79.00|1||500|49.00|0.00|0.00|0.00|79.00|4418.20.00|5.405|-29.0000
0061|PORTA LISA PINTURA PINUS 0.80|UN||92.683|20.00|41.00|79.00|1||500|49.00|0.00|0.00|0.00|79.00|4418.20.00|5.405|-12.0000
0065|PORTA LISA PINTURA PINUS 0.90|UN||174.390|20.00|49.20|135.00|1||500|0.00|0.00|0.00|0.00|135.00|4418.20.00|5.405|0.0000
0066|PORTA FRIZADA HORIZONTAL 0.60|UN||89.189|20.00|74.00|140.00|1||500|0.00|0.00|0.00|0.00|140.00|4418.20.00|5.405|0.0000
0067|PORTA FRIZADA HORIZONTAL 0.70|UN||116.216|20.00|74.00|160.00|1||500|130.00|0.00|0.00|0.00|160.00|4418.20.00|5.405|13.0000
0068|PORTA FRIZADA HORIZONTAL 0.80|UN||116.216|20.00|74.00|160.00|1||500|0.00|0.00|0.00|0.00|160.00|4418.20.00|5.405|-2.0000
0069|PORTA FRIZADA BELISS. 0.60|UN||88.235|20.00|85.00|160.00|1||500|0.00|0.00|0.00|0.00|160.00|4418.20.00|5.405|10.0000
0070|PORTA FRIZADA BELISS. 0.70|UN||88.235|20.00|85.00|160.00|1||500|0.00|0.00|0.00|0.00|160.00|4418.20.00|5.405|16.0000
0071|PORTA FRIZADA BELISS. 0.80|UN||116.216|20.00|74.00|160.00|1||500|0.00|0.00|0.00|0.00|160.00|4418.20.00|5.405|0.0000
0072|PORTA LISA VERNIZ 0,60|UN||93.548|20.00|62.00|120.00|1||500|0.00|0.00|0.00|0.00|120.00|4418.20.00|5.405|-4.0000
0073|PORTA LISA VERNIZ 0,70|UN||93.548|20.00|62.00|120.00|1||500|0.00|0.00|0.00|0.00|120.00|4418.20.00|5.405|-7.0000
0074|PORTA LISA VERNIZ 0,80|UN||93.548|20.00|62.00|120.00|1||500|0.00|0.00|0.00|0.00|120.00|4418.20.00|5.405|-23.0000
0076|PLASTIFICADO  14M/M|CH||58.621|20.00|43.50|69.00|1||500|0.00|0.00|0.00|0.00|69.00|4412.39.00|5.405|-567.0000
0077|ASSOALHO CUMARU EXTRA 15X2 CM|M2||64.773|20.00|88.00|145.00|3||500|170.50|0.00|0.00|0.00|145.00|4407.29.20|5.405|-167.9900
0078|PLASTIFICADO  12M/M|CH||62.667|20.00|37.50|61.00|1||500|0.00|0.00|0.00|0.00|61.00|4412.39.00|5.405|-35.0000
0079|JIMO CUPIM 500 ML|UN||69.082|20.00|10.35|17.50|1||102|0.00|0.00|0.00|0.00|17.50|3808.91.92|5.102|0.0000
0080|JIMO CUPIM 900 ML|UN||73.478|20.00|23.00|39.90|1||102|0.00|0.00|0.00|0.00|39.90|3808.91.92|5.102|-39.0000
0081|RODAPE ANGELIN 7 CM|UN||127.273|20.00|3.30|7.50|2||500|0.00|0.00|0.00|0.00|7.50|3909.50.19|5.405|-310.0000
0082|PREGO DE ACO 17X27 KG|UN||107.746|20.00|28.40|59.00|1||500|0.00|0.00|0.00|0.00|59.00|7317.00.90|5.405|-12.0000
0083|PREGO 18X30 C/C KG|UN||175.229|20.00|5.45|15.00|1||500|0.00|0.00|0.00|0.00|15.00|7317.00.90|5.405|-248.0000
0084|PREGO 17X27 C/C KG|UN||120.588|20.00|6.80|15.00|1||500|0.00|0.00|0.00|0.00|15.00|7317.00.90|5.405|-387.0000
0085|PREGO 16X24 C/C KG|UN||195.858|20.00|5.07|15.00|1||500|0.00|0.00|0.00|0.00|15.00|7317.00.90|5.405|8.0000
0086|PREGO 15X15 C/C KG|UN||115.827|20.00|6.95|15.00|1||500|0.00|0.00|0.00|0.00|15.00|7317.00.90|5.405|-128.0000
0088|ARAME RECOZIDO|UN||71.429|20.00|10.50|18.00|1||500|0.00|0.00|0.00|0.00|18.00|7217.10.90|5.405|44.0000
0087|EUCALIPTOS COM 3,00|PC||80.682|20.00|4.40|7.95|1||500|6.30|0.00|0.00|0.00|7.95|4407.99.90|5.405|-1244.0000
0089|EUCALIPTOS COM 6,00|PC||97.333|20.00|7.50|14.80|1||500|5.00|0.00|0.00|0.00|14.80|4407.99.90|5.405|-1313.0000
0090|VITRO RETO ITAUBA 120X120|UN||88.015|20.00|267.00|502.00|1||500|0.00|0.00|0.00|0.00|502.00|4418.10.00|5.405|0.0000
0091|MAX AIR RETO ITAUBA 80X160|UN||66.667|20.00|330.00|550.00|1||500|0.00|0.00|0.00|0.00|550.00|4418.10.00|5.405|4.0000
0093|PORTA VENEZIANA SALIGNA 60X2,10|UN||86.207|20.00|145.00|270.00|1||500|0.00|0.00|0.00|0.00|270.00|4418.20.00|5.405|3.0000
0094|PORTA VENEZIANA SALIGNA 80X2,10|UN||154.545|20.00|110.00|280.00|1||500|0.00|0.00|0.00|0.00|280.00|4418.20.00|5.405|2.0000
0095|NAVAL 15 M/M|CH||74.306|20.00|77.45|135.00|1||500|0.00|0.00|0.00|0.00|135.00|4412.31.00|5.405|-42.0000
0096|PVC MEIA CANA BRANCO 6,00|PC||95.455|20.00|11.00|21.50|1||500|0.00|0.00|0.00|0.00|21.50|3916.20.00|5.405|-22.0000
0097|PVC RODAFORRO COM 6,00|PC||88.383|20.00|12.74|24.00|1||500|0.00|0.00|0.00|0.00|24.00|3916.20.00|5.405|54.0000
0099|PVC EMENDA H BRANCO 6,00|PC||68.814|20.00|14.75|24.90|1||500|0.00|0.00|0.00|0.00|24.90|3916.20.00|5.405|63.0000
0101|MOLDURA REF 038 CANTONEIRA|PC||134.375|20.00|3.20|7.50|2||500|0.00|0.00|0.00|0.00|7.50|4414.00.00|5.405|-113.0000
0200|VITRO RETO ITAUBA 140X120|UN||82.131|20.00|291.00|530.00|1||500|0.00|0.00|0.00|0.00|530.00|4418.10.00|5.405|-1.0000
201|VITRO RETO ITAUBA 160X120|UN||81.529|20.00|314.00|570.00|1||500|0.00|0.00|0.00|0.00|570.00|4418.10.00|5.405|0.0000
203|VITRO RETO ITAUBA 200X120|UN||78.478|20.00|381.00|680.00|1||500|0.00|0.00|0.00|0.00|680.00|4418.10.00|5.405|1.0000
0199|VITRO RETO ITAUBA 100X100|UN||68.085|20.00|235.00|395.00|1||500|0.00|0.00|0.00|0.00|395.00|4418.10.00|5.405|0.0000
0197|VITRO COMERCIAL 1,40X1,20 SAL|UN||78.161|20.00|174.00|310.00|1||500|0.00|0.00|0.00|0.00|310.00|4418.10.00|5.405|-11.0000
205|MAX-AIR RETO ITAUBA 60X60|UN||66.667|20.00|117.00|195.00|1||500|0.00|0.00|0.00|0.00|195.00|4418.10.00|5.405|11.0000
206|MAX-AIR RETO ITAUBA 60X80|UN||66.402|20.00|132.21|220.00|1||500|0.00|0.00|0.00|0.00|220.00|4418.10.00|5.405|0.0000
207|MAX-AIR RETO ITAUBA 80X80|UN||68.750|20.00|160.00|270.00|1||500|0.00|0.00|0.00|0.00|270.00|4418.10.00|5.405|0.0000
208|MAX-AIR RETO SALIGNA 60X60|UN||115.385|20.00|65.00|140.00|1||500|0.00|0.00|0.00|0.00|140.00|4418.10.00|5.405|-35.0000
209|MAX-AIR RETO SALIGNA 160X80|UN||362.185|20.00|119.00|550.00|1||500|0.00|0.00|0.00|0.00|550.00|4418.10.00|5.405|-9.0000
210|MAX-AIR RETO SALIGNA 80X80|UN||75.258|20.00|97.00|170.00|1||500|0.00|0.00|0.00|0.00|170.00|4418.10.00|5.405|-2.0000
211|MAX-AIR RETO ITAUBA 120X60|UN||68.317|20.00|202.00|340.00|1||500|0.00|0.00|0.00|0.00|340.00|4418.10.00|5.405|1.0000
212|MAX-AIR RETO ITAUBA 180X60|UN||66.764|20.00|343.00|572.00|1||500|0.00|0.00|0.00|0.00|572.00|4418.10.00|5.405|1.0000
213|CAPELINHA RETA ITAUBA 45X100|UN||68.344|20.00|106.33|179.00|1||500|0.00|0.00|0.00|0.00|179.00|4418.10.00|5.405|0.0000
214|CAPELINHA RETA ITAUBA 45X120|UN||65.412|20.00|120.91|200.00|1||500|0.00|0.00|0.00|0.00|200.00|4418.10.00|5.405|1.0000
215|CAPELINHA RETA SALIGNA 35X120|UN||89.189|20.00|74.00|140.00|1||500|0.00|0.00|0.00|0.00|140.00|4418.10.00|5.405|-4.0000
216|CAPELINHA RETA SALIGNA 45X1,20|UN||88.312|20.00|77.00|145.00|1||500|0.00|0.00|0.00|0.00|145.00|4418.10.00|5.405|-19.0000
220|PORTA BALCAO RETA 1.40X2,10 ITAUBA|UN||68.120|20.00|803.00|1350.00|1||500|0.00|0.00|0.00|0.00|1350.00|4418.20.00|5.405|0.0000
221|PORTA CORRER RETA 2.00X2.10 CEDRO ARANA|UN||65.138|20.00|1090.00|1800.00|1||500|0.00|0.00|0.00|0.00|1800.00|4418.10.00|5.405|3.0000
225|PREGO DE COBRE 16X24|UN||73.469|20.00|49.00|85.00|1||500|0.00|0.00|0.00|0.00|85.00|7415.10.00|5.405|-18.0000
01002|EUCALIPTO TRATADO C/2,20|UN||85.000|20.00|8.00|14.80|1||500|0.00|0.00|0.00|0.00|14.80|4407.99.90|5.405|-1106.0000
0105|MAX-AIR RETO SALIGNA 60X120|UN||67.785|20.00|149.00|250.00|1||500|0.00|0.00|0.00|0.00|250.00|4418.10.00|5.405|-7.0000
0106|VITRO ARCO ITAUBA 120X120|UN||66.777|20.00|301.00|502.00|1||500|0.00|0.00|0.00|0.00|502.00|4418.10.00|5.405|2.0000
0107|VITRO ARCO ITAUBA 140X120|UN||67.722|20.00|316.00|530.00|1||500|0.00|0.00|0.00|0.00|530.00|4418.10.00|5.405|0.0000
0108|JANELA VVA ARCO ITAUBA 120X120|UN||38.824|20.00|425.00|590.00|1||500|0.00|0.00|0.00|0.00|590.00|4418.10.00|5.405|-6.0000
0109|JANELA VVA RETA ITAUBA 120X120|UN||68.571|20.00|350.00|590.00|1||500|0.00|0.00|0.00|0.00|590.00|4418.10.00|5.405|-12.0000
0110|JANELA VVC SALIGNA 160X1,20|UN||80.723|20.00|415.00|750.00|1||500|0.00|0.00|0.00|0.00|750.00|4418.10.00|5.405|-4.0000
0111|PORTA VENEZIANA SALIGNA 70X2,10|UN||86.207|20.00|145.00|270.00|1||500|0.00|0.00|0.00|0.00|270.00|4418.20.00|5.405|5.0000
0112|PORTA VENEZIANA ITAUBA 60X2,10|UN||89.189|20.00|185.00|350.00|1||500|0.00|0.00|0.00|0.00|350.00|4418.20.00|5.405|6.0000
0113|PORTA VENEZIANA ITAUBA 70X2,10|UN||98.953|20.00|191.00|380.00|1||500|0.00|0.00|0.00|0.00|380.00|4418.20.00|5.405|8.0000
0114|PORTA CAIXILHO 60X2,10|UN||69.643|20.00|112.00|190.00|1||500|0.00|0.00|0.00|0.00|190.00|4418.20.00|5.405|-2.0000
0115|PORTA CAIXILHO 70X2,10|UN||69.231|20.00|130.00|220.00|1||500|0.00|0.00|0.00|0.00|220.00|4418.20.00|5.405|1.0000
0116|PORTA CAIXILHO 80X2,10|UN||170.115|20.00|87.00|235.00|1||500|0.00|0.00|0.00|0.00|235.00|4418.20.00|5.405|7.0000
0117|PORTA VENEZIANA SALIGNA 50X2,10|UN||70.068|20.00|147.00|250.00|1||500|0.00|0.00|0.00|0.00|250.00|4418.20.00|5.405|6.0000
0118|RESINADO MR 12 M/M / 220X110|CH||67.347|20.00|24.50|41.00|1||500|0.00|0.00|0.00|0.00|41.00|4412.99.00|5.405|-2.0000
0120|TELHA PORTUGUESA MARFIM|UN||81.818|20.00|0.99|1.80|1||102|0.00|0.00|0.00|0.00|1.80|3925.90.90|5.102|-18223.0000
1300|MEIA CANA ANGELIN|ML||105.556|20.00|1.80|3.70|2||102|0.00|0.00|0.00|0.00|3.70|4407.24.90|5.102|206.5000
0121|FECHADURA TEK EXT CROMADA|UN||92.771|20.00|33.20|64.00|1||500|0.00|0.00|0.00|0.00|64.00|8301.40.00|5.405|21.0000
0122|FECHADURA TEK INT CROMADA|UN||67.347|20.00|24.50|41.00|1||500|0.00|0.00|0.00|0.00|41.00|8301.40.00|5.405|-14.0000
0123|FECHADURA TEK WC CROMADA|UN||84.685|20.00|22.20|41.00|1||500|0.00|0.00|0.00|0.00|41.00|8301.40.00|5.405|12.0000
0124|FECHADURA PRATIKA EXT OXI|UN||76.471|20.00|42.50|75.00|1||500|0.00|0.00|0.00|0.00|75.00|8301.40.00|5.405|8.0000
0125|FECHADURA PRATIKA INT OXI|UN||71.233|20.00|29.20|50.00|1||500|0.00|0.00|0.00|0.00|50.00|8301.40.00|5.405|-1.0000
0126|FECHADURA PRATIKA WC OXI|UN||71.233|20.00|29.20|50.00|1||500|0.00|0.00|0.00|0.00|50.00|8301.40.00|5.405|2.0000
0127|FECHADURA CLICK EXT OXI|UN||67.442|20.00|43.00|72.00|1||500|0.00|0.00|0.00|0.00|72.00|8301.40.00|5.405|-1.0000
0128|FECHADURA CLICK INT OXI|UN||68.874|20.00|30.20|51.00|1||500|0.00|0.00|0.00|0.00|51.00|8301.40.00|5.405|4.0000
0129|FECHADURA CLICK WC OXI|UN||68.874|20.00|30.20|51.00|1||500|0.00|0.00|0.00|0.00|51.00|8301.40.00|5.405|-5.0000
0130|FECHADURA EXATA II INT OXI|UN||77.778|20.00|31.50|56.00|1||500|0.00|0.00|0.00|0.00|56.00|8301.40.00|5.405|0.0000
0131|FECHADURA EXATA II WC OXI|UN||77.778|20.00|31.50|56.00|1||500|0.00|0.00|0.00|0.00|56.00|8301.40.00|5.405|0.0000
0132|FECHADURA EXATA II EXT OXI|UN||71.154|20.00|52.00|89.00|1||500|0.00|0.00|0.00|0.00|89.00|8301.40.00|5.405|0.0000
0133|FECHADURA EXATA II EXT CROMADA|UN||71.154|20.00|52.00|89.00|1||500|0.00|0.00|0.00|0.00|89.00|8301.40.00|5.405|2.0000
0134|FECHADURA EXATA II INT CROMADA|UN||69.300|20.00|44.30|75.00|1||500|0.00|0.00|0.00|0.00|75.00|8301.40.00|5.405|4.0000
0135|FECHADURA EXATA II WC CROMADA|UN||66.667|20.00|45.00|75.00|1||500|0.00|0.00|0.00|0.00|75.00|8301.40.00|5.405|-1.0000
0136|PRANCHADO IPE CHAMP|M3||117.021|20.00|2350.00|5100.00|4||500|6000.00|5390.00|7007.00|5200.00|8408.00|4407.99.90|5.405|-17.8876
0137|PRANCHADO ANGELIN|M3||125.714|20.00|1750.00|3950.00|4||500|5000.00|8000.00|0.00|5000.00|0.00|4407.99.90|5.405|-4.0366
0138|PREGO DE ACO 15X15 KG|UN||70.029|20.00|34.70|59.00|1||500|0.00|0.00|0.00|0.00|59.00|7317.00.90|5.405|5.0000
0139|PREGO DE COBRE 17X27 S/C|UN||81.633|20.00|49.00|89.00|1||500|0.00|0.00|0.00|0.00|85.00|7415.10.00|5.405|-40.0000
0140|PREGO 19X36 C/C KG|UN||175.229|20.00|5.45|15.00|1||500|0.00|0.00|0.00|0.00|15.00|7317.00.90|5.405|36.0000
0141|PREGO 10X10 S/C PCTE.|UN||171.493|20.00|4.42|12.00|1||500|0.00|0.00|0.00|0.00|12.00|7317.00.90|5.405|32.0000
00140|ESPUMA EXPANSIVA HAUSER 340 GR|UN||139.234|20.00|10.45|25.00|1||500|0.00|0.00|0.00|0.00|25.00|3909.50.29|5.405|-32.0000
0190|PORTA VENEZIANA ITAUBA 80X2,10|UN||90.955|20.00|199.00|380.00|1||500|0.00|0.00|0.00|0.00|380.00|4418.20.00|5.405|8.0000
0191|ADUELA TAUARI 0.15|CJ||125.490|20.00|51.00|115.00|1||500|110.00|0.00|0.00|0.00|115.00|4418.20.00|5.405|-70.0000
0193|ADUELA TAUARI 0.13|CT||88.889|20.00|45.00|85.00|1||500|0.00|0.00|0.00|0.00|85.00|4418.20.00|5.405|-76.0000
0194|TRELICA 0,50X2,00|UN||90.000|20.00|40.00|76.00|1||102|0.00|0.00|0.00|0.00|76.00||5.102|-1.0000
0201|TRELICA 0,60X2,00|UN||87.500|20.00|48.00|90.00|1||102|0.00|0.00|0.00|0.00|90.00||5.102|0.0000
0202|TRELICA 0,70X2,00|UN||83.929|20.00|56.00|103.00|1||102|0.00|0.00|0.00|0.00|103.00||5.102|0.0000
0290|IPE CHAMP 7X2 CM|UN||130.000|20.00|3.00|6.90|2||500|0.00|0.00|0.00|0.00|6.90|4418.20.00|5.405|584.5000
0210|VIGA MASSARANDUBA 29X6 CM|M3||102.632|20.00|1900.00|3850.00|4||500|5005.00|4235.00|4200.00|3200.00|3500.00|4407.99.90|5.405|-24.5483
0211|VIGA MASSARANDUBA 20X6 CM|M3||102.632|20.00|1900.00|3850.00|4||500|5005.00|4235.00|5505.50|3200.00|3500.00|4407.99.90|5.405|-42.0893
0212|VIGA MASSARANDUBA 14X6 CM|M3||102.632|20.00|1900.00|3850.00|4||500|5005.00|4235.00|4200.00|3200.00|3500.00|4407.99.90|5.405|-134.3819
0213|VIGA MASSARANDUBA 10X6 CM|M3||102.632|20.00|1900.00|3850.00|4||500|5005.00|4235.00|5505.50|3200.00|3500.00|4407.99.90|5.405|-78.6371
0214|PERNA MASSARANDUBA 6X6 CM|M3||102.632|20.00|1900.00|3850.00|4||500|5005.00|4235.00|5505.50|3200.00|3500.00|4407.99.90|5.405|-150.2197
0215|CAIBRO MASSARANBUBA 6X3,5 CM|M3||84.211|20.00|1900.00|3500.00|4||500|4550.00|3850.00|5005.00|3200.00|3135.00|4407.99.90|5.405|-276.3492
0216|RIPA MASSARANDUBA 5X2 CM|M3||102.632|20.00|1900.00|3850.00|4||500|5005.00|4235.00|4640.00|2970.00|3500.00|4407.99.90|5.405|-52.6746
0217|RIPA MASSARANDUBA 4X1,5 CM|M3||102.632|20.00|1900.00|3850.00|4||500|5005.00|4235.00|0.00|2970.00|3500.00|4407.99.90|5.405|-70.5862
0219|RIPA PARAJU 4 X 1,5|M3||67.647|20.00|1700.00|2850.00|4||500|3750.00|0.00|0.00|0.00|2850.00|4407.99.90|5.405|-13.9607
0220|RIPA PARAJU 5X2 CM|M3||67.647|20.00|1700.00|2850.00|4||500|3750.00|0.00|0.00|0.00|2850.00|4407.99.90|5.405|-0.2168
0221|CAIBRO PARAJU 6X3 CM|M3||67.647|20.00|1700.00|2850.00|4||500|3750.00|3380.00|3990.00|3822.00|2850.00|4407.99.90|5.405|-72.3952
0222|PERNA PARAJU  6X6|M3||67.647|20.00|1700.00|2850.00|4||500|3750.00|3390.00|4200.00|3822.00|2850.00|4407.99.90|5.405|-54.6325
0223|VIGA PARAJU 10X6 CM|M3||67.647|20.00|1700.00|2850.00|4||500|3750.00|3380.00|4200.00|3822.00|2850.00|4407.99.90|5.405|2.7830
0224|VIGA PARAJU 14X6 CM|M3||67.647|20.00|1700.00|2850.00|4||500|3750.00|3135.00|4200.00|3822.00|2850.00|4407.99.90|5.405|-35.5250
0225|VIGA PARAJU 20X6 CM|M3||67.647|20.00|1700.00|2850.00|4||500|3750.00|3165.00|4200.00|3822.00|2850.00|4407.99.90|5.405|3.7012
0230|VIGA PARAJU 29X6 CM|M3||67.647|20.00|1700.00|2850.00|4||500|3750.00|3135.00|4200.00|3822.00|2850.00|4407.99.90|5.405|3.7320
0500|JANELA V.V.A 120X100 ITAUBA|UN||67.683|20.00|328.00|550.00|1||500|0.00|0.00|0.00|0.00|550.00|4418.10.00|5.405|4.0000
022|PORTA BALCAO ARCO 1,40X2,10 ITAUBA|UN||68.120|20.00|803.00|1350.00|1||500|0.00|0.00|0.00|0.00|1350.00|4418.20.00|5.405|-3.0000
023|MAX AIR RETO 120 X 0,60|UN||252.941|20.00|102.00|360.00|1||500|0.00|0.00|0.00|0.00|360.00|4418.10.00|5.405|-1.0000
024|VIROLA 6M/M|UN||76.471|20.00|25.50|45.00|1||500|0.00|0.00|0.00|0.00|45.00|4418.10.00|5.405|30.0000
0600|DOBRADICA GALVANIZADA 3 X 2,5|UN||96.809|20.00|9.40|18.50|1||500|0.00|0.00|0.00|0.00|18.50|8302.10.00|5.405|-2.0000
0601|DOBRADICA CROMADA 3X2,5|UN||87.097|20.00|15.50|29.00|1||500|0.00|0.00|0.00|0.00|29.00|8302.10.00|5.405|15.0000
0602|DOBRADICA OXI 3 X 2,5|UN||69.096|20.00|17.15|29.00|1||500|0.00|0.00|0.00|0.00|29.00|8302.10.00|5.405|3.0000
0603|DOBRADICA PORTAO 20 CM|UN||116.667|20.00|30.00|65.00|1||500|0.00|0.00|0.00|0.00|65.00|8302.10.00|5.405|5.0000
0604|DOBRADICA PORTAO 25 CM|UN||84.659|20.00|35.20|65.00|1||500|0.00|0.00|0.00|0.00|65.00|8302.10.00|5.405|18.0000
0670|MOLDURA REF 006 C/ 3,00|UN||100.000|20.00|4.50|9.00|1||500|0.00|0.00|0.00|0.00|9.00|4414.00.00|5.405|-8.0000
0227|FECHADURA PORTAO|UN||70.807|20.00|32.20|55.00|1||500|0.00|0.00|0.00|0.00|55.00|8301.30.00|5.405|5.0000
000|TABUAS PINUS 28CM C/300 2.3|UN||88.406|20.00|10.35|19.50|1||500|16.50|0.00|0.00|0.00|19.50|4418.10.00|5.405|491.0000
02|ALIZAR ANGELIN 5 X 1|CJ||108.333|20.00|12.00|25.00|1||500|0.00|0.00|0.00|0.00|25.00|4418.20.00|5.405|-156.0000
00000|PORTA FRIZADA ONDA 0.80|UN||113.333|20.00|75.00|160.00|1||500|0.00|0.00|0.00|0.00|160.00|4418.20.00|5.405|0.0000
000001|PORTA FRIZADA ONDA 0.70|UN||113.333|20.00|75.00|160.00|1||500|0.00|0.00|0.00|0.00|160.00|4418.20.00|5.405|0.0000
00001|PORTA LISA VENTILACAO 0.60|UN||65.541|20.00|148.00|245.00|1||500|0.00|0.00|0.00|0.00|245.00|4418.20.00|5.405|4.0000
585|PORTA FRIZADA BALAO 0.80|UN||111.765|20.00|85.00|180.00|1||500|0.00|0.00|0.00|0.00|180.00|4418.20.00|5.405|5.0000
00006|COLUNA MASS.14X14 CM|M3||105.263|20.00|1900.00|3900.00|4||500|5005.00|4050.00|5130.00|0.00|3655.00|4407.99.90|5.405|-38.6074
00008|COLUNA MASS.19X19 CM|M3||105.263|20.00|1900.00|3900.00|4||500|5005.00|4050.00|5130.00|0.00|3655.00|4407.99.90|5.405|-26.3083
000006|PRANCHADO MASSARANDUBA|M3||121.053|20.00|1900.00|4200.00|4||500|5187.00|4900.00|5300.00|4610.00|3990.00|4407.99.90|5.405|-31.5276
000000|SARR.PINUS 5 CM C/3,00 1.8|PC||44.444|20.00|1.80|2.60|1||500|0.00|0.00|0.00|0.00|2.60|4407.99.90|5.405|37.0000
041564|MOLDURA REF 1X1 C/3,00|PC||142.798|20.00|2.43|5.90|1||500|0.00|0.00|0.00|0.00|5.90|4414.00.00|5.405|4.0000
2013|AR CONDICIONADO 10.000|UN||72.872|20.00|37.60|65.00|1||102|0.00|0.00|0.00|0.00|65.00||5.102|-4.0000
0943265|SARRAFO DE CEDRINHO 7CM|ML||53.448|20.00|2.90|4.45|2||500|7.70|0.00|0.00|0.00|4.45|4407.99.90|5.405|-2552.0000
8975|MOLDURA REF 005 C/3,00|PC||101.646|20.00|2.43|4.90|1||500|0.00|0.00|0.00|0.00|4.90|4414.00.00|5.405|-10.0000
54781|MOLDURA REF 007 C/2,70|PC||101.058|20.00|1.89|3.80|1||500|0.00|0.00|0.00|0.00|3.80|4414.00.00|5.405|-27.0000
9751|MOLDURA REF 014 C/3,00|PC||100.000|20.00|6.00|12.00|1||500|0.00|0.00|0.00|0.00|12.00|4414.00.00|5.405|0.0000
54987|MOLDURA REF 1,5X1,5 C/2,50|PC||100.000|20.00|3.75|7.50|1||500|0.00|0.00|0.00|0.00|7.50|4414.00.00|5.405|-19.0000
54972|PORTA MACICA 10 ALM.60|UN||89.474|20.00|95.00|180.00|1||500|0.00|0.00|0.00|0.00|180.00|4418.20.00|5.405|5.0000
59721|PORTA AMERICANA 15  0,70|UN||127.519|20.00|92.30|210.00|1||500|0.00|0.00|0.00|0.00|210.00|4418.20.00|5.405|11.0000
971|PORTA AMERICANA  80CM|UN||127.519|20.00|92.30|210.00|1||500|0.00|0.00|0.00|0.00|210.00|4418.20.00|5.405|19.0000
84215|PORTA MACICA 20 ALM 60CM|UN||98.113|20.00|106.00|210.00|1||500|0.00|0.00|0.00|0.00|210.00|4418.20.00|5.405|3.0000
7516|CONTRA RIPA MASSARANDUBA|ML||200.000|20.00|0.50|1.50|2||500|0.00|0.00|0.00|0.00|1.50|4407.99.00|5.405|-200.0000
59413|LAMBRIL CEDRINHO CERNE|M2||80.741|20.00|33.75|61.00|3||500|67.10|0.00|0.00|0.00|61.00|4407.99.90|5.405|-109.6710
9435|RODAPE CUMARU 7X2|ML||58.000|20.00|5.00|7.90|2||500|0.00|9.90|0.00|0.00|7.90|4407.29.20|5.405|-3367.5000
8462|PORTA ANGELIN 10 ALMOF. 0,70|UN||197.872|20.00|141.00|420.00|1||500|0.00|0.00|0.00|0.00|350.00|4418.20.00|5.405|2.0000
8425|PORTA ANGELIN 10 ALMOF. 0,80|UN||160.870|20.00|161.00|420.00|1||500|0.00|0.00|0.00|0.00|360.00|4418.82.00|5.405|-2.0000
754|PORTA ANGELIN PAP 49 0,80|UN||86.047|20.00|301.00|560.00|1||500|0.00|0.00|0.00|0.00|560.00|4418.20.00|5.405|0.0000
798|PORTA ANGELIN PAP 50 0,80|UN||79.402|20.00|301.00|540.00|1||500|0.00|0.00|0.00|0.00|540.00|4418.20.00|5.405|0.0000
651|PORTA ANGELIN PAP 51 0,80|UN||79.402|20.00|301.00|540.00|1||500|0.00|0.00|0.00|0.00|540.00|4418.20.00|5.405|-1.0000
456|PORTA CAMARAO PAP120 0,70|UN||48.531|20.00|715.00|1062.00|1||500|0.00|0.00|0.00|0.00|1062.00|4418.20.00|5.405|-7.0000
2457|PORTA CAMARAO PAP120 0,60|UN||48.531|20.00|715.00|1062.00|1||500|0.00|0.00|0.00|0.00|1062.00|4418.20.00|5.405|-3.0000
54196|PORTA CAMARAO PAP121 0,60|UN||66.458|20.00|480.00|799.00|1||500|0.00|0.00|0.00|0.00|799.00|4418.20.00|5.405|-1.0000
957|ADUELA CEDRINHO CERNE 0.13|CJ||102.564|20.00|39.00|79.00|1||500|85.00|0.00|0.00|0.00|79.00|4418.20.00|5.405|-135.0000
20112|SARRAFO SUCUPIRA 3,5 X 2|ML||10.000|20.00|4.50|4.95|3||500|0.00|0.00|0.00|0.00|4.95|4418.20.00|5.405|-695.9000
4523|PREGO GALVANIZADO A FOGO|UN||145.000|20.00|20.00|49.00|1||500|0.00|0.00|0.00|0.00|49.00|7317.00.90|5.405|-71.0000
8461|PORTA FRIZADA BALAO 0.70|UN||111.765|20.00|85.00|180.00|1||500|0.00|0.00|0.00|0.00|180.00|4418.20.00|5.405|13.0000
6457|VIROLA 10 M/M 220X160|CH||86.364|20.00|44.00|82.00|1||500|0.00|0.00|0.00|0.00|82.00|4412.31.00|5.405|13.0000
2154|VIROLA 15 M/M|CH||90.192|20.00|63.62|121.00|1||500|0.00|0.00|0.00|0.00|121.00|4412.31.00|5.405|-40.0000
3325|VIROLA 20 M/M|CH||69.318|20.00|88.00|149.00|1||500|0.00|0.00|0.00|0.00|149.00|4412.31.00|5.405|6.0000
5213|NAVAL 6 M/M|CH||72.584|20.00|40.56|70.00|1||500|0.00|0.00|0.00|0.00|70.00|4412.31.00|5.405|4.0000
11245|NAVAL 10 M/M 220X160|CH||93.662|20.00|56.80|110.00|1||500|0.00|0.00|0.00|0.00|110.00|4412.31.00|5.405|-15.0000
6665|NAVAL 20 M/M|CH||68.182|20.00|110.00|185.00|1||500|0.00|0.00|0.00|0.00|185.00|4412.31.00|5.405|10.0000
33654|VERNIZ MONTANA OSMOCOLOR STAIN|UN||83.673|20.00|98.00|180.00|1||500|0.00|0.00|0.00|0.00|180.00|3208.90.21|5.405|0.0000
333214|VERNIZ SOLARE IMBUIA 3,6|UN||79.487|20.00|78.00|140.00|1||500|0.00|0.00|0.00|0.00|140.00|3208.90.29|5.405|4.0000
32418|VERNIZ OSMOCOLOR DEK UV DECK CAST 900 ML|UN||75.676|20.00|37.00|65.00|1||500|0.00|0.00|0.00|0.00|65.00|3208.90.21|5.405|5.0000
7747|VERNIZ FOSCO 3,6 LTS|UN||89.729|20.00|39.53|75.00|1||500|0.00|0.00|0.00|0.00|75.00|3208.90.29|5.405|0.0000
88888|SELADORA 900 ML|UN||73.536|20.00|13.83|24.00|1||500|0.00|0.00|0.00|0.00|24.00|3208.90.21|5.405|0.0000
88881|SELADORA 3,6 LTS|UN||70.455|20.00|42.24|72.00|1||500|0.00|0.00|0.00|0.00|72.00|3208.90.21|5.405|0.0000
33333|THINER 1000 900 ML|UN||102.977|20.00|7.39|15.00|1||102|0.00|0.00|0.00|0.00|15.00||5.102|2.0000
444440|TELHA DE VIDRO|UN||88.024|20.00|34.57|65.00|1||102|0.00|0.00|0.00|0.00|65.00||5.102|-23.0000
99991|THINER 5000 900 ML|UN||70.068|20.00|8.82|15.00|1||102|0.00|0.00|0.00|0.00|15.00||5.102|3.0000
555555|THINER 5000 5 LTS|UN||70.029|20.00|44.11|75.00|1||102|0.00|0.00|0.00|0.00|75.00||5.102|4.0000
2222|NENARRAZ 900 ML|UN||99.336|20.00|6.02|12.00|1||102|0.00|0.00|0.00|0.00|12.00||5.102|3.0000
11111|NENARRAZ 5 LTS|UN||70.368|20.00|32.87|56.00|1||102|0.00|0.00|0.00|0.00|56.00||5.102|4.0000
8451|ADUELA TAUARI 0.14|CJ||100.000|20.00|48.00|96.00|1||500|0.00|0.00|0.00|0.00|96.00|4418.20.00|5.405|-17.0000
44646|PORTAL ARCO VIDRO|UN||83.099|20.00|213.00|390.00|1||500|0.00|0.00|0.00|0.00|390.00|4418.20.00|5.405|0.0000
151515|PORTAL RETO VIDRO|UN||186.486|20.00|185.00|530.00|1||500|0.00|0.00|0.00|0.00|530.00|4418.20.00|5.405|0.0000
646464|PORTA CAMARAO LISA 0.60|UN||113.768|20.00|276.00|590.00|1||500|0.00|0.00|0.00|0.00|590.00|4418.20.00|5.405|-1.0000
333|PORTA CAMARAO LISA 0.70|UN||113.768|20.00|276.00|590.00|1||500|0.00|0.00|0.00|0.00|590.00|4418.20.00|5.405|0.0000
05154|FECHADURA TEK EXT OXI|UN||68.421|20.00|38.00|64.00|1||500|0.00|0.00|0.00|0.00|64.00|8301.40.00|5.405|1.0000
54645481|FECHADURA TEK INT OXI|UN||98.198|20.00|22.20|44.00|1||500|0.00|0.00|0.00|0.00|44.00|8301.40.00|5.405|9.0000
1115|FECHADURA TEK WC OXI|UN||98.198|20.00|22.20|44.00|1||500|0.00|0.00|0.00|0.00|44.00|8301.40.00|5.405|-2.0000
33332|VIROLA 15 M/M CORTE|M2||337.406|20.00|13.26|58.00|3||102|0.00|0.00|0.00|0.00|58.00||5.102|0.0000
66661|DOBRADICA PORTAO 20 PAR|UN||83.333|20.00|30.00|55.00|1||500|0.00|0.00|0.00|0.00|55.00|8302.10.00|5.405|8.0000
11124|MEIA CANA CEDRINHO|ML||116.667|20.00|1.80|3.90|2||102|0.00|0.00|0.00|0.00|3.90|4407.24.90|5.102|-275.5000
33323|LAMBRIL PVC CEREJEIRA 20CM|M2||132.221|20.00|13.78|32.00|3||500|0.00|0.00|0.00|0.00|32.00|3916.20.00|5.405|158.5600
868686|PVC MEIA CANA CERREJEIRA 6,00|PC||87.940|20.00|12.77|24.00|1||500|0.00|0.00|0.00|0.00|24.00|3916.20.00|5.405|6.0000
5554|PORTA CAMARAO LISA 0.80|UN||98.913|20.00|276.00|549.00|1||500|0.00|0.00|0.00|0.00|549.00|4418.20.00|5.405|0.0000
3323|PORTA CAMARAO VIDRO 0.60|UN||66.410|20.00|390.00|649.00|1||500|0.00|0.00|0.00|0.00|649.00|4418.20.00|5.405|1.0000
1154|PORTA CAMARAO VIDRO 0.70|UN||79.231|20.00|390.00|699.00|1||500|0.00|0.00|0.00|0.00|699.00|4418.20.00|5.405|1.0000
1112|DECK IPE CHAMP COMERCIAL 10X2|ML||135.714|20.00|4.20|9.90|2||500|10.89|0.00|0.00|0.00|9.90|4407.29.20|5.405|-3685.3999
6554|PORTA FRIZADA HORIZONTAL 0.90|UN||123.529|20.00|85.00|190.00|1||500|0.00|0.00|0.00|0.00|190.00|4418.20.00|5.405|0.0000
3276541|PORTA FRIZADA HORIZONTAL 1.00|UN||147.059|20.00|85.00|210.00|1||500|0.00|0.00|0.00|0.00|210.00|4418.20.00|5.405|2.0000
65644|PORTA FRIZADA BELISS. 0.90|UN||111.765|20.00|85.00|180.00|1||500|0.00|0.00|0.00|0.00|180.00|4418.20.00|5.405|-7.0000
548720|PORTA FRIZADA BELISS. 1.00|UN||111.765|20.00|85.00|180.00|1||500|0.00|0.00|0.00|0.00|180.00|4418.20.00|5.405|0.0000
671|PARAFUSO P/ PORTAO 5/16|UN||100.000|20.00|0.35|0.70|1||500|1.10|0.00|0.00|0.00|0.70|7318.15.00|5.405|-1883.0000
64664|JIMO CUPIM 5 LITROS|UN||70.085|20.00|117.00|199.00|1||102|0.00|0.00|0.00|0.00|199.00|3308.91.92|5.102|-11.0000
4875|PORTA CORRER V/V 2,00 X 2,10|UN||78.647|20.00|946.00|1690.00|1||500|0.00|0.00|0.00|0.00|1690.00|4418.10.00|5.405|0.0000
9547|JANELA V/V CORRER 2,00 X 1,20|UN||67.286|20.00|538.00|900.00|1||500|0.00|0.00|0.00|0.00|900.00|4418.10.00|5.405|0.0000
8513654|JANELA V/V CORRER 1,20X1,20 RETA|UN||40.541|20.00|370.00|520.00|1||500|0.00|0.00|0.00|0.00|620.00|4418.10.00|5.405|-3.0000
54871|PORTA CORRER RETA 2,40X2,10 ITAUBA|UN||66.612|20.00|984.32|1640.00|1||500|0.00|0.00|0.00|0.00|1640.00|4418.10.00|5.405|0.0000
979764664|MAX AIR RETO ITAUBA 160X080|UN||66.667|20.00|330.00|550.00|1||500|0.00|0.00|0.00|0.00|550.00|4418.10.00|5.405|0.0000
3131313|PORTA BALCAO RETA 120X210 ITAUBA|UN||67.560|20.00|746.00|1250.00|1||500|0.00|0.00|0.00|0.00|1250.00|4418.10.00|5.405|0.0000
8457548|PINUS SERRADO BRUTO|M3||50.149|20.00|390.00|585.58|4||500|0.00|0.00|0.00|0.00|585.58||5.405|0.0000
1548735|PORTA ANGELIN PAP 50 0,90|UN||76.696|20.00|339.00|599.00|1||500|0.00|0.00|0.00|0.00|599.00|4418.20.00|5.405|0.0000
3232323|PORTA ANGELIN PAP 49 0,90|UN||110.914|20.00|339.00|715.00|1||500|0.00|0.00|0.00|0.00|715.00|4418.20.00|5.405|-4.0000
2212|PORTA BALCAO ARCO 1.40X2,10 SALIGNA|UN||70.690|20.00|580.00|990.00|1||500|0.00|0.00|0.00|0.00|990.00|4418.20.00|5.405|0.0000
5556|PORTA BALCAO RETA 1.40X2,10 SALIGNA|UN||70.690|20.00|580.00|990.00|1||500|0.00|0.00|0.00|0.00|990.00|4418.20.00|5.405|0.0000
652745|PORTA CORRER RETA 1.60X2,10 SALIGNA|UN||91.228|20.00|570.00|1090.00|1||500|0.00|0.00|0.00|0.00|1090.00|4418.10.00|5.405|-2.0000
84246|PORTA CORRER RETA 2.00X2.10 SALIGNA|UN||75.953|20.00|682.00|1200.00|1||500|0.00|0.00|0.00|0.00|1200.00|4418.10.00|5.405|-2.0000
032197|PORTA CORRER RETA 1.40X2,10 ITAUBA|UN||98.276|20.00|870.00|1725.00|1||500|0.00|0.00|0.00|0.00|1725.00|4418.10.00|5.405|0.0000
517|PORTA CAMARAO VIDRO 0.80|UN||66.410|20.00|390.00|649.00|1||500|0.00|0.00|0.00|0.00|649.00|4418.20.00|5.405|1.0000
5179487|COLUNA PARAJU  14X14 CM|M3||82.353|20.00|1700.00|3100.00|4||500|3750.00|3390.00|4200.00|4056.00|3100.00|4407.99.90|5.405|3.3958
85146|COLUNA GUAJARA 19X19 CM|M3||115.385|20.00|1300.00|2800.00|4||500|3380.00|2860.00|3718.00|4056.00|2800.00|4407.99.90|5.405|5.5277
994617|PRANCHADO PARAJU|M3||100.000|20.00|1600.00|3200.00|4||500|4160.00|3520.00|4576.00|4992.00|5491.00|4407.99.90|5.405|-1.8549
2157|PORTA AMERICANA 10 0,60|UN||95.016|20.00|92.30|180.00|1||500|0.00|0.00|0.00|0.00|180.00|4418.20.00|5.405|-6.0000
1547|FECHADURA BRAVA INT OXI|UN||67.606|20.00|35.50|59.50|1||500|0.00|0.00|0.00|0.00|59.50|8301.40.00|5.405|3.0000
61547|FECHADURA BRAVA WC OXI|UN||67.606|20.00|35.50|59.50|1||500|0.00|0.00|0.00|0.00|59.50|8301.40.00|5.405|5.0000
8457|FECHADURA BRAVA EXT OXI|UN||68.724|20.00|48.60|82.00|1||500|0.00|0.00|0.00|0.00|82.00|8301.40.00|5.405|0.0000
12121|FECHADURA PRATIKA EXT CROMADA|UN||77.725|20.00|42.20|75.00|1||500|0.00|0.00|0.00|0.00|75.00|8301.40.00|5.405|2.0000
8484848|FECHADURA PRATIKA INT CROMADA|UN||70.890|20.00|29.20|49.90|1||500|0.00|0.00|0.00|0.00|49.90|8301.40.00|5.405|1.0000
554|FECHADURA PRATIKA WC CROMADA|UN||70.890|20.00|29.20|49.90|1||500|0.00|0.00|0.00|0.00|49.90|8301.40.00|5.405|-1.0000
5178|PORTAO ASSOALHO|M2||86.667|20.00|150.00|280.00|3||102|0.00|0.00|0.00|0.00|280.00|4407.29.20|5.102|-68.2680
02154|NAVAL 25 M/M|CH||87.970|20.00|133.00|250.00|1||500|0.00|0.00|0.00|0.00|250.00|4412.31.00|5.405|-9.0000
93|NAVAL 4 M/M|CH||69.014|20.00|35.50|60.00|1||500|0.00|0.00|0.00|0.00|60.00|4412.31.00|5.405|10.0000
12|VITRO FOLHA RETO 1,20X1,20|UN||66.311|20.00|327.70|545.00|1||500|0.00|0.00|0.00|0.00|545.00|4418.10.00|5.405|2.0000
13|VITRO FOLHA RETO 1,40X1,20|UN||67.274|20.00|381.41|638.00|1||500|0.00|0.00|0.00|0.00|638.00|4418.10.00|5.405|2.0000
14|VITRO FOLHA RETO 1,60X1,20|UN||66.648|20.00|435.05|725.00|1||500|0.00|0.00|0.00|0.00|725.00|4418.10.00|5.405|0.0000
15|VITRO FOLHA ARCO 1,20X1,20|UN||66.492|20.00|333.35|555.00|1||500|0.00|0.00|0.00|0.00|555.00|4418.10.00|5.405|1.0000
16|VITRO FOLHA ARCO 1,40X1,20|UN||65.929|20.00|388.72|645.00|1||500|0.00|0.00|0.00|0.00|645.00|4418.10.00|5.405|2.0000
18|MAX AIR FOLHA RETO 0,60X0,60|UN||68.030|20.00|89.27|150.00|1||500|0.00|0.00|0.00|0.00|150.00|4418.10.00|5.405|0.0000
19|MAX AIR FOLHA ARCO 0,60X0,60|UN||67.836|20.00|98.31|165.00|1||500|0.00|0.00|0.00|0.00|165.00|4418.10.00|5.405|0.0000
00000187|DOBRADICA PORTAO 25 PAR|UN||84.659|20.00|35.20|65.00|1||500|0.00|0.00|0.00|0.00|65.00|8302.10.00|5.405|0.0000
25481|PREGO 17X27 2 CABECA|UN||145.161|20.00|7.75|19.00|1||500|0.00|0.00|0.00|0.00|19.00|7317.00.90|5.405|26.0000
25484|PREGO 18X30 2 CABECA|UN||156.757|20.00|7.40|19.00|1||500|0.00|0.00|0.00|0.00|19.00|7317.00.90|5.405|38.0000
84575|PREGO 22X48 C/C KG|UN||175.229|20.00|5.45|15.00|1||500|0.00|0.00|0.00|0.00|15.00|7317.00.90|5.405|-33.0000
88885222|LAMBRIL PINUS|M2||101.031|20.00|9.70|19.50|3||500|0.00|0.00|0.00|0.00|19.50|4407.99.90|5.405|111.8200
13579|ADUELA TAUARI 0.18|CJ||138.291|20.00|60.85|145.00|2||500|0.00|0.00|0.00|0.00|145.00|4418.20.00|5.405|-8.0000
519735|MDF CRU 3 M/M|CH||69.811|20.00|21.20|36.00|1||102|0.00|0.00|0.00|0.00|36.00||5.102|148.0000
0000014|MDF CRU 9 M/M|CH||66.163|20.00|46.34|77.00|1||102|0.00|0.00|0.00|0.00|77.00||5.102|1.0000
943218|MEIA CANA PINUS C/ 3 METROS|PC||145.455|20.00|3.30|8.10|1||102|0.00|0.00|0.00|0.00|8.10|4407.99.90|5.102|-2.0000
0303030|FECHADURA CLICK EXT CRO|UN||70.488|20.00|41.00|69.90|1||102|0.00|0.00|0.00|0.00|69.90||5.102|21.0000
02020202|FECHADURA CLICK INT CRO|UN||72.069|20.00|29.00|49.90|1||500|42.00|0.00|0.00|0.00|49.90|8301.40.00|5.405|1.0000
64664464|MDF 2 FACES NAVAL 18 M/M|CH||27.389|20.00|157.00|200.00|1||102|0.00|0.00|0.00|0.00|200.00||5.102|-25.0000
15561|MOLDURA REF 043 C/2,50|UN||100.224|20.00|4.47|8.95|1||102|0.00|0.00|0.00|0.00|8.95||5.102|0.0000
157651|ADUELA ANGELIM 0.13|CT||71.154|20.00|52.00|89.00|1||500|92.00|0.00|0.00|0.00|89.00|6805.20.00|5.405|-79.0000
6574|ADUELA TAUARI 0.16|CT||112.598|20.00|63.50|135.00|1||102|0.00|0.00|0.00|0.00|135.00|4418.20.00|5.102|114.0000
321975|ADUELA TAUARI 0.20|CJ||142.857|20.00|70.00|170.00|1||102|0.00|0.00|0.00|0.00|170.00|4418.20.00|5.102|0.0000
ALIZAR|ALIZAR CEDRINHO 5X1 CM|CJ||108.333|20.00|12.00|25.00|1||102|0.00|0.00|0.00|0.00|25.00|4418.20.00|5.102|-154.0000
111|AR CONDICIONADO 7.500|UN||200.000|20.00|20.00|60.00|1||102|0.00|0.00|0.00|0.00|60.00||5.102|-21.0000
12547|CASCOLA 195 GR|UN||100.000|20.00|7.00|14.00|1||102|0.00|0.00|0.00|0.00|14.00||5.102|15.0000
032115|CASCOLA 730 GR|UN||104.678|20.00|17.10|35.00|1||102|0.00|0.00|0.00|0.00|35.00||5.102|0.0000
6544|CASCOREZ 1 KG|UN||68.421|20.00|19.00|32.00|1||102|0.00|0.00|0.00|0.00|32.00|3506.91.90|5.102|-7.0000
54|CASCOREZ 500 GR|UN||98.198|20.00|5.55|11.00|1||102|0.00|0.00|0.00|0.00|11.00||5.102|12.0000
65|COLA INSTANTANIA|UN||106.250|20.00|4.80|9.90|1||102|0.00|0.00|0.00|0.00|9.90|3506.91.90|5.102|15.0000
66|PARAPEITO E DECK E BANCADA|ML||780.000|20.00|150.00|1320.00|2||102|10.90|0.00|0.00|0.00|1320.00|4407.29.20|5.102|-12758.3000
981|LAMBRIL IPE|M2||100.000|20.00|39.00|78.00|3||102|0.00|0.00|0.00|0.00|78.00||5.102|59.6500
548|MASSARANDUBA SERRADA|M3||81.250|20.00|1600.00|2900.00|4||102|3757.00|0.00|0.00|0.00|2900.00|4407.99.90|5.102|-14.2070
11|PERNA CEDRINHO 6,5X6,5|ML||99.597|20.00|4.96|9.90|2||500|15.00|0.00|0.00|0.00|9.90|4407.99.90|5.405|-1049.5000
0001|MDF 2 FACES 6 M/M|CH||0.000|20.00|60.00|60.00|1||102|0.00|0.00|0.00|0.00|60.00||5.102|85.0000
00202|VIROLA 4M/M|CH||82.292|20.00|19.20|35.00|1||102|0.00|0.00|0.00|0.00|35.00||5.102|30.0000
1248|MDF 2 FACES 18 M/M|CH||73.256|20.00|86.00|149.00|1||102|0.00|0.00|0.00|0.00|149.00|4411.14.90|5.102|15.0000
624|MDF 2 FACES NAVAL 15 M/M|CH||76.923|20.00|130.00|230.00|1||102|0.00|0.00|0.00|0.00|230.00||5.102|10.0000
9985|MDF CRU 15 M/M|CH||78.125|20.00|64.00|114.00|1||102|0.00|0.00|0.00|0.00|114.00||5.102|-1.0000
4141|MDF CRU 18 M/M|CH||84.211|20.00|76.00|140.00|1||102|0.00|0.00|0.00|0.00|140.00||5.102|16.0000
5674|MOLDURA REF 001 C/ 3,00|UN||0.000|20.00|0.00|5.70|1||102|0.00|0.00|0.00|0.00|5.70||5.102|0.0000
564124|VITRO CORRER RETO 2,40X1,20|UN||66.765|20.00|508.50|848.00|1||500|0.00|0.00|0.00|0.00|848.00|4412.99.00|5.405|0.0000
12433|PORTA CAIXILHO ITAUBA 60|UN||115.789|20.00|95.00|205.00|1||500|0.00|0.00|0.00|0.00|205.00|4418.20.00|5.405|3.0000
12125487|PORTA CAIXILHO ITAUBA 70|UN||184.211|20.00|95.00|270.00|1||500|0.00|0.00|0.00|0.00|270.00|4418.20.00|5.405|-5.0000
91347|PORTA CAIXILHO ITAUBA 80|UN||57.898|20.00|177.33|280.00|1||500|0.00|0.00|0.00|0.00|280.00|4418.20.00|5.405|-4.0000
42156|PVC U CEREJEIRA C/6,00|UN||181.609|20.00|8.70|24.50|1||102|0.00|0.00|0.00|0.00|24.50||5.102|14.0000
9132165454|LAPIS CARPINTEIRO|UN||150.000|20.00|0.40|1.00|1||102|0.00|0.00|0.00|0.00|1.00||5.102|-4.0000
245421|ALIZAR  ANGELIM 7X1|CJ||113.043|20.00|23.00|49.00|1||102|0.00|0.00|0.00|0.00|49.00|4418.20.00|5.102|-188.0000
251548711|FECHADURA CLICK WC CRO|UN||72.069|20.00|29.00|49.90|1||500|0.00|0.00|0.00|0.00|49.90|8301.40.00|5.405|0.0000
31548|MOLDURA REF 003 C/3,00|UN||124.324|20.00|3.70|8.30|1||102|0.00|0.00|0.00|0.00|8.30||5.102|0.0000
318751|MOLDURA REF 011 C/2,70|UN||100.000|20.00|4.50|9.00|1||102|0.00|0.00|0.00|0.00|9.00||5.102|-12.0000
00124654121|ASSOALHO CUMARU COMERCIAL 15X2 CM|M2||106.250|20.00|48.00|99.00|3||500|108.90|0.00|0.00|0.00|99.00|4407.29.20|5.405|-1477.8935
892181|PORTA PIVOTANTE REF 213 1,00|UN||92.444|20.00|774.25|1490.00|1||500|0.00|0.00|0.00|0.00|1490.00|4418.20.00|5.405|-1.0000
242|PORTA PIVOTANTE REF 215 1,10|UN||76.871|20.00|882.00|1560.00|1||500|0.00|0.00|0.00|0.00|1560.00|4418.20.00|5.405|-1.0000
15487|PORTA PIVOTANTE REF 215 1,00|UN||78.443|20.00|835.00|1490.00|1||500|0.00|0.00|0.00|0.00|1490.00|4418.20.00|5.405|0.0000
316497|PORTA PIVOTANTE REF 414 1,10|UN||76.042|20.00|960.00|1690.00|1||500|0.00|0.00|0.00|0.00|1690.00|4418.20.00|5.405|0.0000
13549|PORTA PIVOTANTE REF 555 1,00 MEIA LUA|UN||53.422|20.00|906.00|1390.00|1||500|0.00|0.00|0.00|0.00|1390.00|4418.20.00|5.405|1.0000
03|PORTA TAUARI 10 ALM 0,60|UN||75.000|20.00|160.00|280.00|1||500|0.00|0.00|0.00|0.00|280.00|4418.20.34|5.405|1.0000
04|PORTA TAUARI 10 ALM 0,70|UN||75.000|20.00|160.00|280.00|1||500|0.00|0.00|0.00|0.00|280.00|4418.20.34|5.405|1.0000
05|PORTA TAUARI 10 ALM 0,80|UN||75.000|20.00|160.00|280.00|1||500|0.00|0.00|0.00|0.00|280.00|4418.20.34|5.405|1.0000
06|PORTA TAUARI TORNEADA 0,70|UN||66.667|20.00|180.00|300.00|1||500|0.00|0.00|0.00|0.00|300.00|4418.20.34|5.405|3.0000
07|PORTA TAUARI TORNEADA 0,80|UN||66.667|20.00|180.00|300.00|1||500|0.00|0.00|0.00|0.00|300.00|4418.20.34|5.405|0.0000
08|PORTA PIVOTANTE REF 213 1,10|UN||78.443|20.00|835.00|1490.00|1||500|0.00|0.00|0.00|0.00|1490.00|4418.20.34|5.405|0.0000
09|PORTA TAUARI IPANEMA 0,90|UN||68.889|20.00|225.00|380.00|1||500|0.00|0.00|0.00|0.00|380.00|4418.20.34|5.405|0.0000
85|PORTA BALCAO RETA 1.60X2,10 ITAUBA|UN||113.203|20.00|924.00|1970.00|1||500|0.00|0.00|0.00|0.00|1970.00|4418.10.00|5.405|0.0000
60124|PORTA AMERICANA 7 0,60|UN||95.016|20.00|92.30|180.00|1||500|0.00|0.00|0.00|0.00|180.00|4418.20.00|5.405|27.0000
1548|PRANCHADO CEDRINHO|M3||120.339|20.00|1180.00|2600.00|4||500|3650.00|3100.00|3200.00|3120.00|3432.00|4407.99.90|5.405|-0.7638
652|VIGA GUAJARA 29 X 6 CM|M3||95.652|20.00|1150.00|2250.00|4||500|2860.00|2420.00|2860.00|3120.00|2250.00|4407.99.90|5.405|3.9534
9574|VERNIZ STAIN CASTANHO UV DECK 3,6|UN||70.732|20.00|123.00|210.00|1||500|0.00|0.00|0.00|0.00|210.00|4407.99.90|5.405|1.0000
6583|VERNIZ STAIN PRESERVATIVO INCOLOR 900 ML|UN||71.875|20.00|32.00|55.00|1||500|0.00|0.00|0.00|0.00|55.00|4407.99.90|5.405|6.0000
4582|REGUAS EUCALIPTO TRATADO 11X2,5C/2,50|UN||92.632|20.00|9.50|18.30|1||500|18.30|18.30|18.30|18.30|18.30|4407.99.90|5.405|-1011.6842
621|TELHA TERMINAL Y|M3||140.000|20.00|20.00|48.00|4||500|0.00|0.00|0.00|0.00|48.00|4407.99.90|5.405|-20.1884
1358|RIPA GUAJARA 5 X 2 CM|M3||95.652|20.00|1150.00|2250.00|4||500|2860.00|0.00|0.00|0.00|2250.00|4407.99.90|5.405|-1.0050
5168|TELHA VIDRO PORTUGUESA|UN||81.481|20.00|27.00|49.00|1||500|0.00|0.00|0.00|0.00|49.00|4407.99.90|5.405|-19.8742
25742|PORTA BALCAO RETA 1,20X2,10 SAL|UN||67.412|20.00|537.00|899.00|1||102|0.00|0.00|0.00|0.00|899.00||5.102|2.0000
8887|PORTA EUCALIPTO 0,60|UN||92.857|20.00|140.00|270.00|1||500|0.00|0.00|0.00|0.00|270.00|4418.20.00|5.405|1.0000
8886|PORTA EUCALIPTO GRANDIS 70 CM|UN||135.714|20.00|140.00|330.00|1||500|0.00|0.00|0.00|0.00|330.00|4418.20.00|5.405|-11.0000
8885|PORTA EUCALIPTO GRANDIS 80 CM|UN||213.514|20.00|185.00|580.00|1||500|0.00|0.00|0.00|0.00|580.00|4418.20.00|5.405|-1.0000
0214479|VITRO COMERCIAL 1,20 X 1,20 SAL|UN||100.000|20.00|140.00|280.00|1||500|0.00|0.00|0.00|0.00|280.00|4418.10.00|5.405|-28.0000
15457412|ADUELA ANGELIM 0.14|CJ||98.000|20.00|50.00|99.00|1||500|0.00|0.00|0.00|0.00|99.00|4418.20.00|5.405|11.0000
201574412|ADUELA CURUPIXA 0.13|CJ||59.190|20.00|69.10|110.00|1||102|0.00|0.00|0.00|0.00|110.00||5.102|43.0000
52157541|ADUELA ANGELIM 0.15|CJ||116.981|20.00|53.00|115.00|1||500|0.00|0.00|0.00|0.00|115.00|4418.20.00|5.405|22.0000
215752100|ALIZAR TAUARI PROMOCAO 5X1|UN||66.667|20.00|12.00|20.00|1||102|0.00|0.00|0.00|0.00|20.00|4418.90.00|5.102|379.0000
21541|PRANCHADO CUMARU AMARELO|M3||238.983|20.00|1770.00|6000.00|4||102|6000.00|6600.00|0.00|4500.00|6000.00|4407.29.20|5.102|-161.3866
32485425|VITRO COMERCIAL 1,00X1,00 ARCO SALIGNA|UN||119.048|20.00|105.00|230.00|1||500|0.00|0.00|0.00|0.00|2.30|4418.10.00|5.405|-28.0000
123569|PERNA GUAJARA 6X6 CM|M3||95.652|20.00|1150.00|2250.00|4||500|2860.00|2420.00|2800.00|2800.00|2250.00|4407.99.90|5.405|-7.9016
01010|PORTA MACICA 10 ALM.70|UN||76.471|20.00|102.00|180.00|1||500|0.00|0.00|0.00|0.00|180.00|4418.20.00|5.405|-5.0000
5789654|JANELA VVC SALIGNA 200X1,20|UN||92.149|20.00|484.00|930.00|1||500|0.00|0.00|0.00|0.00|930.00|4418.10.00|5.405|-4.0000
00072|PORTA LISA VERNIZ 0,90|UN||146.305|20.00|60.90|150.00|1||500|0.00|0.00|0.00|0.00|150.00|4418.20.00|5.405|0.0000
0001000|PORTA PIVOTANTE REF 2213 1,20|UN||95.360|20.00|1638.00|3200.00|1||500|0.00|0.00|0.00|0.00|3200.00|4418.20.34|5.405|0.0000
00002000|PORTA TAUARI IPANEMA 0,70|UN||70.732|20.00|205.00|350.00|1||500|0.00|0.00|0.00|0.00|350.00|4418.20.34|5.405|1.0000
546897|PORTA GRANDIS TIJOLAO 60|UN||126.316|20.00|190.00|430.00|1||500|0.00|0.00|0.00|0.00|430.00|4418.20.00|5.405|-1.0000
5487569|PORTA GRANDIS TIJOLAO 70|UN||437.500|20.00|80.00|430.00|1||500|0.00|0.00|0.00|0.00|430.00|4418.20.00|5.405|0.0000
85462135|PORTA GRANDIS TIJOLAO 80|UN||126.316|20.00|190.00|430.00|1||500|0.00|0.00|0.00|0.00|430.00|4418.20.00|5.405|-4.0000
54623185|PORTA GRANDIS TIJOLAO 90|UN||148.731|20.00|197.00|490.00|1||500|0.00|0.00|0.00|0.00|490.00|4418.20.00|5.405|0.0000
8546589|PORTA GRANDIS PIVOTANTE 1,10|UN||86.275|20.00|510.00|950.00|1||500|0.00|0.00|0.00|0.00|950.00|4418.20.00|5.405|1.0000
45789965|PORTA GRANDIS PIV.TIJ.1,00|UN||88.119|20.00|505.00|950.00|1||102|0.00|0.00|0.00|0.00|950.00||5.102|0.0000
856435|PORTA GRANDIS PIV.TIJ.1,10|UN||113.592|20.00|515.00|1100.00|1||500|0.00|0.00|0.00|0.00|1100.00|4418.20.00|5.405|0.0000
00000111111|PREGO 12 X 12 C/C|UN||84.397|20.00|7.05|13.00|1||500|0.00|0.00|0.00|0.00|13.00|7317.00.90|5.405|40.0000
00012|PREGO 12X12 S/C|UN||84.397|20.00|7.05|13.00|1||500|0.00|0.00|0.00|0.00|13.00|7317.00.90|5.405|-17.0000
2564856|PORTA MACICA MISTA 12 ALM 80|UN||83.673|20.00|98.00|180.00|1||500|0.00|0.00|0.00|0.00|180.00|4418.20.00|5.405|1.0000
5525845|PORTA MACICA MISTA 20 ALM 80|UN||83.673|20.00|98.00|180.00|1||500|0.00|0.00|0.00|0.00|180.00|4418.20.00|5.405|-15.0000
254689|PORTA GRANDIS TIJOLINHO 80|UN||126.316|20.00|190.00|430.00|1||500|0.00|0.00|0.00|0.00|430.00|4418.20.00|5.405|4.0000
6589324|PORTA GRANDIS TIJOLINHO 90|UN||179.188|20.00|197.00|550.00|1||500|0.00|0.00|0.00|0.00|550.00|4418.20.00|5.405|0.0000
523565|KIT CORRER POLI/ESCOV|UN||90.789|20.00|152.00|290.00|1||500|0.00|0.00|0.00|0.00|290.00|4418.20.00|5.405|-8.0000
5869856|KIT CORRER MADEIRA 60/70/80|UN||48.387|20.00|155.00|230.00|1||102|0.00|0.00|0.00|0.00|230.00|4418.20.00|5.102|1.0000
00010000|PORTA GRANDIS TIJOLINHO 70|UN||126.316|20.00|190.00|430.00|1||500|0.00|0.00|0.00|0.00|430.00|4418.20.00|5.405|7.0000
542658|PORTA MACICA 15 ALM.80|UN||93.548|20.00|93.00|180.00|1||500|0.00|0.00|0.00|0.00|180.00|4418.20.00|5.405|-1.0000
524689|PORTA MACICA 15 ALM.60|UN||114.286|20.00|84.00|180.00|1||500|0.00|0.00|0.00|0.00|180.00|4418.20.00|5.405|15.0000
5425689|PORTA MACICA 15 ALM.70|UN||135.955|20.00|89.00|210.00|1||500|0.00|0.00|0.00|0.00|210.00|4418.20.00|5.405|-2.0000
5423569|PARAFUSO FISCHER CARTELA|UN||57.407|20.00|5.40|8.50|1||500|0.00|0.00|0.00|0.00|8.50|7318.12.00|5.405|1.0000
3326589|STOP PREGOS|UN||92.308|20.00|18.20|35.00|1||500|0.00|0.00|0.00|0.00|35.00|3506.10.90|5.405|-1.0000
5243689|SILICONE 280 ML|UN||87.500|20.00|8.00|15.00|1||500|0.00|0.00|0.00|0.00|15.00|3214.10.10|5.405|2.0000
00001231|ESCORA EUCALIPTO C/4,00|UN||90.476|20.00|5.25|10.00|1||102|0.00|0.00|0.00|0.00|10.00|4403.99.90|5.102|-584.0000
215687.|ADUELA CEDRINHO CERNE 0.14|CJ||114.286|20.00|42.00|90.00|1||500|0.00|0.00|0.00|0.00|90.00|4418.20.00|5.405|19.0000
253468|ADUELA CEDRINHO CERNE 0.15|CJ||111.111|20.00|45.00|95.00|1||500|0.00|0.00|0.00|0.00|95.00|4418.20.00|5.405|3.0000
00000001|PORTA LISA PRIMER 60X210|UN||56.863|20.00|102.00|160.00|1||500|0.00|0.00|0.00|0.00|160.00|4418.20.00|5.405|0.0000
0000002|PORTA LISA PRIMER 70X210|UN||59.011|20.00|113.20|180.00|1|  .   .|500|0.00|0.00|0.00|0.00|180.00|4418.20.00|5.405|11.0000
0000003|PORTA LISA PRIMER 80X210|UN||58.537|20.00|123.00|195.00|1||500|0.00|0.00|0.00|0.00|195.00|4418.20.00|5.405|1.0000
000004|PORTA LISA PRIMER 90X210|UN||57.706|20.00|139.50|220.00|1||500|0.00|0.00|0.00|0.00|220.00|4418.20.00|5.405|0.0000
0000006|PORTA PRIMER FRIZADA BELISS.60|UN||133.333|20.00|120.00|280.00|1||500|0.00|0.00|0.00|0.00|280.00|4418.20.00|5.405|1.0000
00007|PORTA PRIMER FRIZADA BELISS.70|UN||110.526|20.00|133.00|280.00|1||500|0.00|0.00|0.00|0.00|280.00|4418.20.00|5.405|-6.0000
0008|PORTA PRIMER FRIZADA BELISS.80|UN||58.621|20.00|145.00|230.00|1||500|0.00|0.00|0.00|0.00|230.00|4418.20.00|5.405|0.0000
0009|PORTA PRIMER FRIZADA BELISS.90|UN||51.515|20.00|165.00|250.00|1||500|0.00|0.00|0.00|0.00|250.00|4418.20.00|5.405|0.0000
00009|PORTA PRIMER FRIZADA HORIZO.60|UN||0.000|20.00|120.00|120.00|1||500|0.00|0.00|0.00|0.00|120.00|4418.20.00|5.405|1.0000
000010|PORTA PRIMER FRIZADA HORIZO.70|UN||133.333|20.00|120.00|280.00|1||500|0.00|0.00|0.00|0.00|280.00|4418.20.00|5.405|-4.0000
0000011|PORTA PRIMER FRIZADA HORIZO.80|UN||58.621|20.00|145.00|230.00|1||500|0.00|0.00|0.00|0.00|230.00|4418.20.00|5.405|4.0000
000012|PORTA PRIMER FRIZADA HORIZO.90|UN||51.515|20.00|165.00|250.00|1||500|0.00|0.00|0.00|0.00|250.00|4418.20.00|5.405|2.0000
0000013|ADUELA PRIMER 0.13|UN||60.839|20.00|71.50|115.00|1||102|0.00|0.00|0.00|0.00|115.00||5.102|0.0000
000013|ADUELA PRIMER 0.15|UN||58.343|20.00|82.10|130.00|1||102|0.00|0.00|0.00|0.00|130.00||5.102|0.0000
000014|ALIZAR PRIMER 5X1CM|UN||80.000|20.00|25.00|45.00|1||102|0.00|0.00|0.00|0.00|45.00|4418.90.00|5.102|4.0000
0000022|KIT CORRER FERRO|UN||73.256|20.00|86.00|149.00|1||102|0.00|0.00|0.00|0.00|149.00|4418.20.00|5.102|0.0000
0652|PORTA ANGELIN PAP 51 0,90|UN||83.287|20.00|326.81|599.00|1||102|0.00|0.00|0.00|0.00|599.00||5.102|-1.0000
653|PORTA PIVOTANTE RESINA REF 4008 1,00|UN||116.393|20.00|642.35|1390.00|1||102|0.00|0.00|0.00|0.00|1390.00||5.102|-1.0000
0654|PORTA PIVOTANTE RESINA REF 4008 1,10|UN||0.000|20.00|0.00|1590.00|1||102|0.00|0.00|0.00|0.00|1590.00||5.102|0.0000
0655|PORTA PIVOTANTE RESINA REF 4009 1,10|UN||0.000|20.00|0.00|1699.00|1||102|0.00|0.00|0.00|0.00|1699.00||5.102|1.0000
0656|PORTA ANGELIN LUA 0,60|UN||82.131|20.00|291.00|530.00|1||500|0.00|0.00|0.00|0.00|530.00|4418.20.00|5.405|9.0000
0657|PORTA ANGELIN LUA 0,70|UN||0.000|20.00|0.00|599.00|1||102|0.00|0.00|0.00|0.00|599.00||5.102|6.0000
0658|PORTA ANGELIN LUA 0,80|UN||0.000|20.00|0.00|660.00|1||102|0.00|0.00|0.00|0.00|660.00||5.102|1.0000
00053|PORTA EUCAL.TORNEADA RETA 70X210|UN||120.126|20.00|159.00|350.00|1||500|0.00|0.00|0.00|0.00|350.00|4418.20.00|5.405|-1.0000
0054|PORTA EUCAL.TORNEADA RETA 80X210|UN||107.547|20.00|159.00|330.00|1||500|0.00|0.00|0.00|0.00|330.00|4418.20.00|5.405|-6.0000
00055|PORTA EUCAL.TORNEADA ARCO 70X210|UN||94.969|20.00|159.00|310.00|1||500|0.00|0.00|0.00|0.00|310.00|4418.20.00|5.405|3.0000
00056|PORTA EUCAL.TORNEADA ARCO 80X210|UN||120.126|20.00|159.00|350.00|1||500|0.00|0.00|0.00|0.00|350.00|4418.20.00|5.405|1.0000
00057|PORTA EUCALIP.GRANDIS TINGIDA 60|UN||81.319|20.00|182.00|330.00|1||500|0.00|0.00|0.00|0.00|330.00|4418.20.00|5.405|6.0000
00058|PORTA EUCAL.GRANDIS TINGIDA 80X210|UN||81.319|20.00|182.00|330.00|1||500|0.00|0.00|0.00|0.00|330.00|4418.20.00|5.405|-4.0000
7890100300024|TELHA FIBROC 2,44X1,10X5MM|UN|7890100300024|50.230|20.00|32.55|48.90|1||102|0.00|0.00|0.00|0.00|48.90||5.102|-17.0000
7890100300031|TELHA FIBROC 2,44X0,50 4M/M|UN|7890100300031|44.860|20.00|10.70|15.50|1||102|0.00|0.00|0.00|0.00|15.50|6811.82.00|5.102|-713.0000
7890100300048|TELHA FIBROC 3,66X1,10X6MM|UN|7890100300048|44.444|20.00|63.00|91.00|1||102|0.00|0.00|0.00|0.00|91.00||5.102|4.0000
7890100300055|TELHA PLAN MARFIM 2,42 X 0,88|UN|7890100300055|0.000|20.00|0.00|88.00|1||102|0.00|0.00|0.00|0.00|88.00|3925.90.90|5.102|-30.0000
7890100300062|TELHA PVC COLONIAL VERMELHA 2,42 X 0,88|UN|7890100300062|102.041|20.00|49.00|99.00|1||102|0.00|0.00|0.00|0.00|99.00|3925.90.90|5.102|62.0000
452589|PREGO TELHEIRO 18X30 500GR|PC||165.734|20.00|7.15|19.00|1||500|0.00|0.00|0.00|0.00|19.00|7317.00.90|5.405|28.0000
524689523|PARAFUSO P/ TELHAS - 11|UN||144.444|20.00|0.45|1.10|1||500|0.00|0.00|0.00|0.00|1.10|7318.12.00|5.405|-65.0000
0005421|PORTA EUCALIPTO GRANDIS 60X210|UN||30.435|20.00|253.00|330.00|1||500|0.00|0.00|0.00|0.00|330.00|4418.20.00|5.405|1.0000
000152|PORTA COURO EUCALIPTO 80X210|UN||67.411|20.00|448.00|750.00|1||500|0.00|0.00|0.00|0.00|750.00|4418.20.00|5.405|-6.0000
00041|PORTA EUCALIPTO 10 RETO 80X210|UN||162.846|20.00|151.80|399.00|1||500|0.00|0.00|0.00|0.00|399.00|4418.20.00|5.405|0.0000
000059|PORTA EUCALIPTO 10 ARCO 80X210|UN||162.846|20.00|151.80|399.00|1||500|0.00|0.00|0.00|0.00|399.00|4418.20.00|5.405|-1.0000
000001111|TABUAS CEDRINHO 20CM|ML||105.217|20.00|5.75|11.80|2||102|12.87|0.00|0.00|0.00|11.80|4407.99.90|5.102|-740.2000
000011|TABUA EUCALIPTO 20CM C /300|UN||68.966|20.00|8.70|14.70|1||102|0.00|0.00|0.00|0.00|14.70|4403.10.00|5.102|140.0000
00000111|PORTA ANGELIN 10 ALMOF. 0,60|UN||251.759|20.00|119.40|420.00|1||500|330.00|0.00|0.00|0.00|410.00|4418.20.00|5.405|5.0000
111111111|PORTA ANGELIN 15 ALMOF. 0,80|UN||157.353|20.00|136.00|350.00|1||500|0.00|0.00|0.00|0.00|350.00|4418.20.00|5.405|-4.0000
000101010|PORTA ANGELIN 15 ALMOF. 0,70|UN||193.132|20.00|119.40|350.00|1||500|0.00|0.00|0.00|0.00|350.00|4418.20.00|5.405|5.0000
101010|PORTA ANGELIN 15 ALMOF. 0,60|UN||244.828|20.00|101.50|350.00|1||102|0.00|0.00|0.00|0.00|350.00||5.102|0.0000
000052|KIT PARAFUSO E VEDACAO PVC CONCRETO|UN||133.333|20.00|18.00|42.00|1||500|0.00|0.00|0.00|0.00|42.00|3925.90.90|5.405|44.0000
000056|PARAFUSO P/ TELHA PVC|UN||164.286|20.00|7.00|18.50|1||500|0.00|0.00|0.00|0.00|18.50|7318.14.00|5.405|-2.0000
00052|ADUELA ANGELIM 0.20|UN||79.348|20.00|92.00|165.00|1||500|0.00|0.00|0.00|0.00|165.00|4418.90.00|5.405|30.0000
000568|JANELA VVA RETA ITAUBA 120X160|UN||67.033|20.00|455.00|760.00|1||102|0.00|0.00|0.00|0.00|760.00||5.102|2.0000
1111111111|PREGO 15X15  S/C|UN||173.723|20.00|5.48|15.00|1||102|0.00|0.00|0.00|0.00|15.00||5.102|51.0000
0000111|PREGO 16X24 S/C|UN||145.283|20.00|5.30|13.00|1||102|0.00|0.00|0.00|0.00|13.00||5.102|16.0000
0000056|SARRAFO CEDRINHO 15CM|UN||132.895|20.00|3.80|8.85|2||102|11.50|0.00|0.00|0.00|8.85|4407.99.90|5.102|-1291.8000
0000556|PORTAO DECK EXTRA|M2||20.408|20.00|245.00|295.00|3||102|0.00|0.00|0.00|0.00|295.00||5.102|-9.0580
000058|VITRO ARCO ITAUBA 160X120|UN||113.178|20.00|258.00|550.00|1||102|0.00|0.00|0.00|0.00|550.00||5.102|4.0000
000558|PORTA FRIZADA SORRISO 0.60|UN||86.667|20.00|75.00|140.00|1||102|0.00|0.00|0.00|0.00|140.00||5.102|0.0000
0000553|PORTA FRIZADA SORRISO 0.70|UN||86.667|20.00|75.00|140.00|1||102|0.00|0.00|0.00|0.00|140.00||5.102|0.0000
000556|PORTA FRIZADA SORRISO 0.80|UN||113.333|20.00|75.00|160.00|1||102|0.00|0.00|0.00|0.00|160.00|4418.20.00|5.102|0.0000
000225|PORTA FRIZADA ESFERA DUP.0.70|UN||113.333|20.00|75.00|160.00|1||102|0.00|0.00|0.00|0.00|160.00||5.102|0.0000
000025265|PORTA FRIZADA ESFERA DUP.0.80|UN||113.333|20.00|75.00|160.00|1||102|0.00|0.00|0.00|0.00|160.00||5.102|1.0000
000523|PORTA FRIZADA BELISS.P 0.60|UN||113.333|20.00|75.00|160.00|1||102|0.00|0.00|0.00|0.00|160.00||5.102|15.0000
000005523|PORTA FRIZADA BELISS.P 0.70|UN||86.667|20.00|75.00|140.00|1||102|0.00|0.00|0.00|0.00|140.00||5.102|0.0000
0005654|PORTA FRIZADA BELISS.P 0.80|UN||86.667|20.00|75.00|140.00|1||102|0.00|0.00|0.00|0.00|140.00||5.102|2.0000
000255|PORTA FRIZADA HORIZONTAL.2 0.70|UN||113.333|20.00|75.00|160.00|1||102|0.00|0.00|0.00|0.00|160.00||5.102|0.0000
002254|PORTA FRIZADA HORIZONTAL.2 0.80|UN||113.333|20.00|75.00|160.00|1||102|0.00|0.00|0.00|0.00|160.00||5.102|2.0000
00002010|ADUELA CANELA 0.13|UN||134.375|20.00|32.00|75.00|1||500|0.00|0.00|0.00|0.00|75.00|4407.99.90|5.405|-5.0000
00020200|ADUELA CANELA 0.14|UN||117.949|20.00|39.00|85.00|1||500|0.00|0.00|0.00|0.00|85.00|4407.99.90|5.405|-2.0000
00010201|ADUELA CANELA 0.15|UN||126.190|20.00|42.00|95.00|1||500|0.00|0.00|0.00|0.00|95.00|4407.99.90|5.405|-4.0000
0000100|ALIZAR TAUARI 5X1|UN||108.333|20.00|12.00|25.00|1||102|0.00|0.00|0.00|0.00|25.00|4418.20.00|5.102|-373.0000
0000045|KIT PARAFUSO E VEDACAO PVC VERMELHO|UN||147.059|20.00|17.00|42.00|1||102|0.00|0.00|0.00|0.00|42.00|3925.90.90|5.102|-28.0000
0001010|PORTA MISTA 20 ALMOFADAS 0,70|UN||83.673|20.00|98.00|180.00|1||102|0.00|0.00|0.00|0.00|180.00||5.102|4.0000
555000|TRINCO REFORCADO|UN||66.667|20.00|11.70|19.50|1||102|0.00|0.00|0.00|0.00|19.50||5.102|-2.0000
0000542|EUCALIPTO TRATADO 10 A 12|UN||94.737|20.00|9.50|18.50|2||500|0.00|0.00|0.00|0.00|18.50|4407.99.90|5.405|-2370.0000
0000541|EUCALIPTO TRATADO 15 A 18|UN||121.951|20.00|20.50|45.50|2||500|58.35|0.00|0.00|0.00|45.50|4407.99.90|5.405|-650.0000
0000256|EUCALIPTO TRATADO 20 A 25|UN||136.111|20.00|36.00|85.00|2||500|0.00|0.00|0.00|0.00|85.00|4407.99.90|5.405|-201.0000
0000254|TABUAS PINUS SUPER GROSSA 30X2,3|UN||79.245|20.00|15.90|28.50|1||500|37.00|39.90|0.00|0.00|28.50|4407.99.90|5.405|423.0000
000002566|EUCALIPTO TRATADO 6 A 9|UN||201.205|20.00|4.15|12.50|2||500|13.75|0.00|0.00|0.00|12.50|4407.99.90|5.405|-1712.0000
00005231|PORTA ANGELIN REF 374 80 CM|UN||121.843|20.00|293.00|650.00|1||102|0.00|0.00|0.00|0.00|650.00||5.102|2.0000
000000544785|PORTA ANGELIN REF 373 80 CM|UN|0000005447855|121.843|20.00|293.00|650.00|1||102|0.00|0.00|0.00|0.00|650.00||5.102|2.0000
00004521|PORTA ANGELIN REF 578 80 CM|UN||154.682|20.00|267.00|680.00|1||102|0.00|0.00|0.00|0.00|680.00||5.102|1.0000
0002563|PORTA ANGELIN REF 578 90 CM|UN||121.843|20.00|293.00|650.00|1||500|0.00|0.00|0.00|0.00|650.00|4418.20.00|5.405|0.0000
00002551|PORTA PIVOTANTE REF 578 1,00|UN||131.667|20.00|600.00|1390.00|1||102|0.00|0.00|0.00|0.00|1390.00||5.102|2.0000
000532|PORTA PIVOTANTE REF 578 1,10|UN||150.000|20.00|636.00|1590.00|1||102|0.00|0.00|0.00|0.00|1590.00||5.102|1.0000
000562|PORTA PIVOTANTE REF 601 1,00|UN||124.638|20.00|690.00|1550.00|1||102|0.00|0.00|0.00|0.00|1550.00||5.102|1.0000
00254|PORTA PIVOTANTE REF 601 1,10|UN||126.684|20.00|772.00|1750.00|1||102|0.00|0.00|0.00|0.00|1750.00||5.102|1.0000
0002562|PORTA ANGELIN RESINA REF 3016 80 CM|UN||112.219|20.00|311.00|660.00|1||102|0.00|0.00|0.00|0.00|660.00||5.102|1.0000
0000544|PORTA FRIZADA ESFERA DUP.0.60|UN||95.122|20.00|82.00|160.00|1||102|0.00|0.00|0.00|0.00|160.00||5.102|8.0000
455544|PORTA FRIZADA HORIZONTAL.P.60|UN||70.732|20.00|82.00|140.00|1||102|0.00|0.00|0.00|0.00|140.00||5.102|0.0000
00251455|PORTA FRIZADA HORIZONTAL.P.70|UN||70.732|20.00|82.00|140.00|1||102|0.00|0.00|0.00|0.00|140.00||5.102|-2.0000
5421266|PORTA FRIZADA HORIZONTAL.P.80|UN||70.732|20.00|82.00|140.00|1||102|0.00|0.00|0.00|0.00|140.00||5.102|0.0000
000025514|PORTA FRIZADA ONDA 0.60|UN||207.692|20.00|52.00|160.00|1||102|0.00|0.00|0.00|0.00|160.00||5.102|2.0000
0002564|PORTA SANFONADA BRANCA 0.60|UN||100.107|20.00|37.48|75.00|1||500|0.00|0.00|0.00|0.00|75.00|3925.20.00|5.405|-1.0000
00022556|PORTA SANFONADA BRANCA 0.70|UN||87.413|20.00|43.22|81.00|1||102|0.00|0.00|0.00|0.00|81.00||5.102|2.0000
554465|PORTA SANFONADA CEREJEIRA 0.60|UN||73.611|20.00|43.20|75.00|1||102|0.00|0.00|0.00|0.00|75.00||5.102|2.0000
541255|PORTA SANFONADA CEREJEIRA 0.70|UN||88.372|20.00|43.00|81.00|1||102|0.00|0.00|0.00|0.00|81.00||5.102|4.0000
47456632|PORTA SANFONADA MOGNO 0.60|UN||102.703|20.00|37.00|75.00|1||102|0.00|0.00|0.00|0.00|75.00||5.102|1.0000
001454|PORTA SANFONADA MOGNO 0.70|UN||72.340|20.00|47.00|81.00|1||102|0.00|0.00|0.00|0.00|81.00||5.102|3.0000
     5464213|VITRO COMERCIAL 1,50X120 SAL|UN|[|79.348|20.00|184.00|330.00|1||500|0.00|0.00|0.00|0.00|330.00|4418.10.00|5.405|-3.0000
00010|PORTA LISA VERNIZ 1,00|UN||119.512|20.00|82.00|180.00|1||500|0.00|0.00|0.00|0.00|180.00|4418.20.00|5.405|8.0000
00101010|ARAME ZINCADO|UN||57.143|20.00|14.00|22.00|1|10.045.00|500|0.00|0.00|0.00|0.00|22.00|7217.20.90|5.405|-19.0000
00005264|LAMBRIL ANGELIN A|M2||90.476|20.00|27.30|52.00|3||500|57.00|0.00|0.00|0.00|52.00|4407.99.90|5.405|-127.0900
00055451|ADUELA ANGELIN 0.18|UN||138.462|20.00|65.00|155.00|1||500|135.00|0.00|0.00|0.00|155.00|4418.20.00|5.405|25.0000
0025442225|SARRAFO PINUS 10 CM C/3,000 APAR.|UN||66.346|20.00|5.20|8.65|1||500|0.00|0.00|0.00|0.00|8.65|4407.99.90|5.405|-98.0000
5544255|PORTA ANGELIN REF 578 60 CM|UN||165.700|20.00|207.00|550.00|1||102|0.00|0.00|0.00|0.00|550.00||5.102|0.0000
5542115|PORTA ANGELIN REF 578 70 CM|UN||171.552|20.00|232.00|630.00|1||102|0.00|0.00|0.00|0.00|630.00||5.102|-2.0000
01245651|PORTA ANGELIN REF 373 60 CM|UN||127.273|20.00|220.00|500.00|1||102|0.00|0.00|0.00|0.00|500.00||5.102|0.0000
545226|PORTA ANGELIN REF 373 70CM|UN||115.686|20.00|255.00|550.00|1||102|0.00|0.00|0.00|0.00|550.00||5.102|2.0000
5421356|PORTA ANGELIN REF 556 80 CM|UN||154.902|20.00|255.00|650.00|1||102|0.00|0.00|0.00|0.00|650.00||5.102|-2.0000
00564|MEIA CANA CEDRINHO CERNE|UN||86.667|20.00|2.25|4.20|2||102|0.00|0.00|0.00|0.00|4.20|4407.99.90|5.102|22.0000
55445633441|VITRO RETO ITAUBA 150X100|UN||37.500|20.00|400.00|550.00|1||102|0.00|0.00|0.00|0.00|550.00||5.102|0.0000
554556654125|PORTA FRIZADA SORVETE 0.60|UN|5545566541253|70.732|20.00|82.00|140.00|1||102|0.00|0.00|0.00|0.00|140.00||5.102|5.0000
44546|PORTA FRIZADA SORVETE 0.70|UN||70.732|20.00|82.00|140.00|1||102|0.00|0.00|0.00|0.00|140.00||5.102|0.0000
51541|PORTA FRIZADA SORVETE 0.80|UN||70.732|20.00|82.00|140.00|1||102|0.00|0.00|0.00|0.00|140.00||5.102|2.0000
0025562145|GRANZEPE IPE|UN||41.026|20.00|3.90|5.50|2||102|0.00|0.00|0.00|0.00|5.50|4407.29.20|5.102|-769.0000
5442223|TELHA PORTUGUESA VERMELHA|UN||66.667|20.00|0.90|1.50|1|  .   .|102|0.00|0.00|0.00|0.00|1.50|6905.10.00|5.102|-2470.0000
024556|SARRAFOS CEDRINHO 10 CM|ML||103.448|20.00|2.90|5.90|2||102|7.80|0.00|0.00|0.00|5.90|4407.99.90|5.102|-864.0000
0154552455|VITRO COMERCIAL 2,00X1,20 SAL|UN||70.213|20.00|282.00|480.00|1||500|0.00|0.00|0.00|0.00|480.00|4418.10.|5.405|-6.0000
000254125|TELHA ESMALTADA 1 FACE BRANCA|UN||88.406|20.00|1.38|2.60|1|  .   .|102|2.35|2.20|0.00|0.00|2.60|6905.10.00|5.102|-70858.0000
54253542363|CAPA PORTUGUESA VERMELHA|UN||79.167|20.00|1.20|2.15|1||102|0.00|0.00|0.00|0.00|2.15|6905.10.00|5.102|-2242.0000
55456641225|CUMEEIRA PORTUGUESA MARFIM|UN||53.571|20.00|1.40|2.15|1||102|0.00|0.00|0.00|0.00|2.15|6905.10.00|5.102|-294.0000
05545641|TELHA ESMALTADA 2 FACES GRAFITE|UN||75.000|20.00|2.40|4.20|1||102|0.00|0.00|0.00|0.00|4.20||5.102|-1520.0000
055412|TELHA ESMALTADA 1 FACE CEJATEL GRAFITE|UN||88.406|20.00|1.38|2.60|1||102|0.00|0.00|0.00|0.00|2.60||5.102|-15460.0000
25454656|CUMEEIRA PVC VERMELHA|UN||1601.705|20.00|3.52|59.90|1||102|0.00|0.00|0.00|0.00|59.90|3925.90.90|5.102|15.0000
0254566|PRESILHAS PARA TELHA|UN||83.333|20.00|0.60|1.10|1||102|0.00|0.00|0.00|0.00|1.10||5.102|-9820.0000
54533452|PORTA EUCAL.TORNEADA RETA 60X210|UN||52.381|20.00|210.00|320.00|1||102|0.00|0.00|0.00|0.00|320.00||5.102|-2.0000
0000052|VITRO COMERCIAL 1,60X1,20 SAL|UN||20.690|20.00|290.00|350.00|1||102|0.00|0.00|0.00|0.00|350.00||5.102|-8.0000
5545662|PORTA COURO EUCALIPTO 70X210|UN||67.411|20.00|448.00|750.00|1||102|0.00|0.00|0.00|0.00|448.00||5.102|0.0000
0002514455|PORTA COURO EUCALIPTO 90X210|UN||66.396|20.00|492.80|820.00|1||102|0.00|0.00|0.00|0.00|820.00||5.102|0.0000
545233654|PORTA PIVOT.COURO EUCALIPTO 1,00|UN||52.027|20.00|740.00|1125.00|1||102|0.00|0.00|0.00|0.00|1125.00|4418.20.00|5.102|0.0000
000524566|PORTA PIVOT.COURO EUCALIPTO 1,10|UN||67.411|20.00|806.40|1350.00|1||102|0.00|0.00|0.00|0.00|1350.00||5.102|-3.0000
0054566|PORTA PIVOT.COURO EUCAL.C/VISOR 1,00|UN||96.825|20.00|630.00|1240.00|1||500|0.00|0.00|0.00|0.00|1240.00|4418.20.00|5.405|-3.0000
0000054226|PORTA PIVOT.COURO EUCAL.C/VISOR 1,10|UN||79.710|20.00|690.00|1240.00|1||500|0.00|0.00|0.00|0.00|1240.00|4418.20.00|5.102|-2.0000
0005242|TELHA ESMALTADA 1 FACE MARFIM|UN||88.406|20.00|1.38|2.60|1||102|0.00|0.00|0.00|0.00|2.60||5.102|-36250.0000
0052545222|TELHA ESMALTADA 1 FACE CARAMELO|UN||88.406|20.00|1.38|2.60|1||102|0.00|0.00|0.00|0.00|2.60||5.102|-17457.0000
00254252|TELHA ESMALTADA 2 FACES MARFIM|UN||115.385|20.00|1.95|4.20|1||102|0.00|0.00|0.00|0.00|4.20||5.102|-9232.0000
41152363654|TELHA ESMALTADA 2 FACES BRANCA|UN||75.000|20.00|2.40|4.20|1||102|0.00|0.00|0.00|0.00|4.20||5.102|-22004.0000
54533412|TELHA ESMALTADA 2 FACES CARAMELO|UN||75.000|20.00|2.40|4.20|1||102|0.00|0.00|0.00|0.00|4.20||5.102|-3799.0000
0021642325|ADUELA TAUARI PROMOCAO 15|UN||86.047|20.00|43.00|80.00|1||102|0.00|0.00|0.00|0.00|80.00||5.102|-3.0000
0054554|ADUELA TAUARI PROMOCAO 13|UN||102.703|20.00|37.00|75.00|1||500|0.00|0.00|0.00|0.00|75.00|4418.20.00|5.405|-27.0000
0015478|ADUELA TAUARI PROMOCAO 14|UN||100.000|20.00|40.00|80.00|1||102|0.00|0.00|0.00|0.00|80.00|4407.99.90|5.102|0.0000
354564556|CAPA ESMALTADA CEJATEL GRAFITE|UN||112.500|20.00|3.20|6.80|1||102|6.80|0.00|0.00|0.00|6.80|6905.10.00|5.102|-2070.0000
4555225|PORTA PIVOTANTE REF 572 1,00 4 VISOR|UN||112.066|20.00|659.70|1399.00|1||102|0.00|0.00|0.00|0.00|1399.00||5.102|0.0000
51235655|PORTA PIVOTANTE REF 560 1,00 VISOR LAT.|UN||125.282|20.00|621.00|1399.00|1||102|0.00|0.00|0.00|0.00|1399.00||5.102|0.0000
0000524|PORTA PIVOTANTE REF 559 1,00|UN||125.282|20.00|621.00|1399.00|1||102|0.00|0.00|0.00|0.00|1399.00||5.102|0.0000
0054425|PORTA PIVOTANTE REF 394 1,00|UN||125.282|20.00|621.00|1399.00|1||102|0.00|0.00|0.00|0.00|1399.00||5.102|0.0000
5445664252|PORTA PIVOTANTE REF 694 1,00 V.COURO|UN||80.723|20.00|996.00|1800.00|1||102|0.00|0.00|0.00|0.00|1800.00||5.102|0.0000
055324456|PORTA ANGELIN 367 BIG BROTHER 80 CM|UN||79.128|20.00|321.00|575.00|1||102|0.00|0.00|0.00|0.00|575.00||5.102|0.0000
0054564|PORTA ANGELIN 367 BIG BROTHER 90 CM|UN||77.966|20.00|354.00|630.00|1||102|0.00|0.00|0.00|0.00|630.00||5.102|0.0000
0025455|TELHA ROMANA|UN||66.667|20.00|0.90|1.50|1||102|1.30|0.00|0.00|0.00|1.50||5.102|-27221.0000
455662554|CUMEEIRA PORTUGUESA VERMELHA|UN||79.167|20.00|1.20|2.15|1||102|0.00|0.00|0.00|0.00|2.55||5.102|-2342.0000
7890100300086|PREGO 17X21 C/C KG|UN|7890100300086|209.917|20.00|4.84|15.00|1||500|0.00|0.00|0.00|0.00|15.00|7317.00.90|5.405|-63.0000
01020|CAPA PORTUGUESA MARFIM|UN||95.455|20.00|1.10|2.15|1||102|0.00|0.00|0.00|0.00|2.15||5.102|-78.0000
7890100303650|TELHA PORTUGUESA BRANCA|UN|7890100303650|71.429|20.00|1.05|1.80|1||102|0.00|0.00|0.00|0.00|1.80||5.102|-6940.0000
7890100303667|CUMEEIRA PORTUGUESA BRANCA|UN|7890100303667|72.000|20.00|1.25|2.15|1||102|0.00|0.00|0.00|0.00|1.30||5.102|-182.0000
7890100303896|CAPA PORTUGUESA BRANCA|UN|7890100303896|444.000|20.00|1.25|6.80|1||102|0.00|0.00|0.00|0.00|6.80||5.102|-250.0000
7890100303407|TELHA ESMALTADA 1 FACE MESCLA|UN|7890100303407|110.145|20.00|1.38|2.90|1||102|0.00|0.00|0.00|0.00|2.90||5.102|-6180.0000
7890100303452|CUMEEIRA ESMALTADA CEJATEL GRAFITE|UN|7890100303452|0.000|20.00|0.00|6.80|1||102|0.00|0.00|0.00|0.00|6.80||5.102|-1500.0000
000102|TELHA RESINADA PORTUGUESA VERMELHA|UN||5.556|20.00|1.80|1.90|1||102|0.00|0.00|0.00|0.00|1.90|3925.90.90|5.102|298.0000
96|VERNIZ STAIN PRESERVATIVO INCOLOR 3,6|UN||66.667|20.00|108.00|180.00|1|  .   .|500|0.00|0.00|0.00|0.00|180.00|3808.92.99|5.405|8.0000
0054530156|LIXA  50/80/120/220|UN||166.667|20.00|0.45|1.20|1||102|0.00|0.00|0.00|0.00|1.20|6805.20.00|5.102|-78.0000
002523621|VEDA CALHA|UN||108.333|20.00|12.00|25.00|1||102|0.00|0.00|0.00|0.00|25.00||5.102|1.0000
544632025263|CUMEEIRA PVC CONCRETO|UN|5446320252630|1743.077|20.00|3.25|59.90|1||102|0.00|0.00|0.00|0.00|59.90||5.102|10.0000
54756365685|MASSA F12|UN||37.615|20.00|10.90|15.00|1||102|0.00|0.00|0.00|0.00|15.00||5.102|-9.0000
00004545|TELHA ESMALTADA 2 FACES MARFIM TETTOGRES|UN||115.385|20.00|1.95|4.20|1||102|0.00|0.00|0.00|0.00|4.20||5.102|-1650.0000
545633556|CUMEEIRA ESMALTADA CINZA|UN||106.061|20.00|3.30|6.80|1||102|0.00|0.00|0.00|0.00|6.80||5.102|-815.0000
00545621|VERNIZ MARITIMO ACETINADO 3,6|UN||100.000|20.00|60.00|120.00|1||102|0.00|0.00|0.00|0.00|120.00||5.102|1.0000
25445654|VERNIZ MARITIMO ACETINADO 900ML|UN||79.104|20.00|16.75|30.00|1||102|0.00|0.00|0.00|0.00|30.00||5.102|10.0000
1152455|VERNIZ MARITIMO BRILHANTE 900ML|UN||79.104|20.00|16.75|30.00|1||102|0.00|0.00|0.00|0.00|30.00||5.102|6.0000
4426365|VERNIZ COPAL 3,6|UN||100.000|20.00|37.50|75.00|1||102|0.00|0.00|0.00|0.00|75.00||5.102|9.0000
254145241|VERNIZ TINGIDOR IMBUIA 3,6|UN||101.681|20.00|59.50|120.00|1||102|0.00|0.00|0.00|0.00|120.00||5.102|8.0000
052564125656|PINCEL|UN|0525641256567|106.897|20.00|2.90|6.00|1||102|0.00|0.00|0.00|0.00|6.00|9603.40.90|5.102|-10.0000
471|CARCACA 275/80R22-5 BRIDGESTONE|UN||9900.000|20.00|0.01|1.00|1||102|0.00|0.00|0.00|0.00|0.00|8708.99.90|5.102|0.0000
54512512|ROLO 10CM|UN||455.556|20.00|1.80|10.00|1||102|0.00|0.00|0.00|0.00|10.00||5.102|-4.0000
245633254636|TELHA ESMALTADA 2 FACES MESCLA|UN|2456332546361|130.769|20.00|1.95|4.50|1||102|0.00|0.00|0.00|0.00|4.50||5.102|-550.0000
00645366475|CAPA ESMALTADA CARAMELO|UN||112.500|20.00|3.20|6.80|1||102|0.00|0.00|0.00|0.00|6.80||5.102|-200.0000
4564521264|CUMEEIRA ESMALTADA CARAMELO|UN||112.500|20.00|3.20|6.80|1||102|0.00|0.00|0.00|0.00|6.80||5.102|-337.0000
541456545|CAPA CIMENTO|UN||44.000|20.00|50.00|7.90|1||102|0.00|0.00|0.00|0.00|7.90||5.102|-18.0000
54156545685416|TABUA PINUS SECA 28X2,3 C/3,00|UN|5415654568540|55.000|20.00|10.00|15.50|1||102|0.00|0.00|0.00|0.00|15.50||5.102|0.0000
544522164562|PLASTIFICADO  13M/M|UN|5445221645626|67.488|20.00|40.60|68.00|1||102|0.00|0.00|0.00|0.00|68.00||5.102|-699.0000
44523665223|MAX AIR CEDRO A. 60X60 CM|UN||100.000|20.00|90.00|180.00|1||102|0.00|0.00|0.00|0.00|180.00||5.102|-3.0000
145622145663|CAPA ESMALTADA MARFIM|UN|1456221456635|70.000|20.00|4.00|6.80|1||102|0.00|0.00|0.00|0.00|6.80||5.102|-564.0000
55212131|CAPA PORTUGUESA MESCLADA|UN||0.000|20.00|0.00|2.15|1||102|0.00|0.00|0.00|0.00|2.15||5.102|-132.0000
55455465|CUMEEIRA PORTUGUESA MESCLADA|UN||0.000|20.00|0.00|2.15|1||102|0.00|0.00|0.00|0.00|2.15||5.102|-148.0000
54652512545|TELHA 1 FACE BRANCA TETTOGRES|UN||108.000|20.00|1.25|2.60|1||102|0.00|0.00|0.00|0.00|2.60||5.102|-3273.0000
526142364|TELHA 2 FACES CEJATEL PREMIER CINZA|UN||120.833|20.00|2.40|5.30|1||102|0.00|0.00|0.00|0.00|5.30||5.102|-722.0000
5446546264|CUMEEIRA ESMALTADA BRANCA|UN||61.905|20.00|4.20|6.80|1||102|5.90|0.00|0.00|0.00|6.80||5.102|-1994.0000
6541654165|CAPA ESMALTADA BRANCA|UN||61.905|20.00|4.20|6.80|1||102|5.90|0.00|0.00|0.00|6.80||5.102|-508.0000
15245645646415|VERNIZ TINGIDOR IMBUIA 900M|UN|1524564564642|105.882|20.00|17.00|35.00|1|24.001.00|500|0.00|0.00|0.00|0.00|35.00|3208.10.20|5.405|6.0000
5454156154|VERNIZ TINGIDOR MOGNO 900M|UN||105.882|20.00|17.00|35.00|1||102|0.00|0.00|0.00|0.00|35.00||5.102|13.0000
54154546|CUMEEIRA ESMALTADA MARFIM|UN||38.776|20.00|4.90|6.80|1||102|0.00|7.09|0.00|0.00|6.80||5.102|-861.0000
5452132]|ADUELA ANGELIN 0.16|UN||0.000|20.00|0.00|135.00|1||102|0.00|0.00|0.00|0.00|135.00||5.102|-1.0000
214541561264|PORTA EUCALIPTO SORRISO 80 CM|UN|2145415612641|81.452|20.00|248.00|450.00|1||102|0.00|0.00|0.00|0.00|450.00||5.102|-2.0000
4558416352964|PORTA EUCALIPTO SORRISO 70 CM|UN|4558416352962|81.452|20.00|248.00|450.00|1||102|0.00|0.00|0.00|0.00|450.00||5.102|-1.0000
84656|PORTA EUCALIPTO ONDA 80 CM|UN||66.389|20.00|360.00|599.00|1||102|0.00|0.00|0.00|0.00|599.00||5.102|-2.0000
45465416|PORTA EUCALIPTO TOPAZIO 80 CM|UN||70.909|20.00|275.00|470.00|1||102|0.00|0.00|0.00|0.00|470.00||5.102|0.0000
256458463256|VERNIZ TINGIDOR MOGNO 3,6|UN|2564584632562|101.681|20.00|59.50|120.00|1||102|0.00|0.00|0.00|0.00|120.00||5.102|4.0000
3125415215614|ESCORA EUCALIPTO C/2,00|UN|3125415215614|127.273|20.00|2.20|5.00|1|  .   .|102|0.00|0.00|0.00|0.00|5.00|4407.99.90|5.102|-30.0000
514545415216|EUCALIPTOS COM 4,00|UN|5145454152167|0.000|20.00|0.00|10.00|1||102|0.00|0.00|0.00|0.00|10.00||5.102|-39.0000
5142545552|MOLDURA REF 037 C/3,00|UN||0.000|20.00|0.00|4.20|1||102|0.00|0.00|0.00|0.00|4.20||5.102|-8.0000
6451626564|PORTA FRIZADA BALAO 0.60|UN||102.247|20.00|89.00|180.00|1||102|0.00|0.00|0.00|0.00|180.00||5.102|8.0000
54152165|TABUAS CEDRINHO 25CM|UN||48.485|20.00|9.90|14.70|2||102|19.10|0.00|0.00|0.00|14.70||5.102|-15.0000
241654156|TELHA ESMALTADA 1 FACE CINZA|UN||73.333|20.00|1.50|2.60|1||102|0.00|0.00|0.00|0.00|2.60||5.102|-425.0000
54164164|CAPA ESMALTADA CINZA|UN||61.905|20.00|4.20|6.80|1||102|0.00|0.00|0.00|0.00|6.80||5.102|-10.0000
544645652|CAPA ESMALTADA MESCLA|UN||38.776|20.00|4.90|6.80|1||102|0.00|0.00|0.00|0.00|6.80||5.102|-102.0000
241564165165|FECHADURA BRAVA EXT CRO|UN|2415641651654|256.522|20.00|23.00|82.00|1||102|0.00|0.00|0.00|0.00|82.00||5.102|4.0000
45463526.3|FECHADURA BRAVA INT CRO|UN||158.696|20.00|23.00|59.50|1||102|0.00|0.00|0.00|0.00|59.50||5.102|0.0000
5454652623|FECHADURA BRAVA WC CRO|UN||158.696|20.00|23.00|59.50|1||102|0.00|0.00|0.00|0.00|59.50||5.102|5.0000
003216145|PORTA PIVOTANTE ONDA 1,00|UN||91.218|20.00|706.00|1350.00|1||102|0.00|0.00|0.00|0.00|1350.00||5.102|0.0000
15416232|PORTA PIVOTANTE ONDA 1,10|UN||79.012|20.00|810.00|1450.00|1||102|0.00|0.00|0.00|0.00|1450.00||5.102|2.0000
5451632654|PORTA PIVOTANTE ONDA 1,20|UN||89.394|20.00|924.00|1750.00|1||102|0.00|0.00|0.00|0.00|1750.00||5.102|0.0000
54561232031564|PORTA PIVOTANTE BELISSIMA 1,00|UN|5456123203159|91.218|20.00|706.00|1350.00|1||102|0.00|0.00|0.00|0.00|1350.00||5.102|2.0000
45215212156|PORTA PIVOTANTE BELISSIMA 1,10|UN||79.012|20.00|810.00|1450.00|1||102|0.00|0.00|0.00|0.00|1450.00||5.102|1.0000
01654556|PAINEL EUCALIPTO 2,25X0,88|UN||112.057|20.00|141.00|299.00|1||102|0.00|0.00|0.00|0.00|299.00||5.102|2.0000
241564656|PORTA PIVOTANTE REF 585 1,00|UN||100.000|20.00|725.00|1450.00|1||102|0.00|0.00|0.00|0.00|1450.00||5.102|1.0000
5451516|PORTA ANGELIN REF 374 90 CM|UN||67.095|20.00|389.00|650.00|1||102|0.00|0.00|0.00|0.00|650.00||5.102|1.0000
5151526|TELHA ROMANA RESINADA|UN||63.636|20.00|1.10|1.80|1||102|0.00|0.00|0.00|0.00|1.80||5.102|0.0000
5454165624|TELHA ESMALTADA 1 FACE GRAFIT|UN||36.842|20.00|1.90|2.60|1||102|0.00|0.00|0.00|0.00|2.60||5.102|-2220.0000
4164565262|CAPA ESMALTADA GRAFIT|UN||61.905|20.00|4.20|6.80|1||102|0.00|0.00|0.00|0.00|6.80||5.102|0.0000
5454154152635|CUMEEIRA ESMALTADA GRAFIT|UN|5454154152637|44.681|20.00|4.70|6.80|1||102|0.00|0.00|0.00|0.00|6.80||5.102|0.0000
6548465262|PORTA EUCALIPTO BB022 70 CM|UN||67.286|20.00|269.00|450.00|1||102|0.00|0.00|0.00|0.00|450.00||5.102|-4.0000
4546263256|PORTA EUCALIPTO BB022 80 CM|UN||0.000|20.00|0.00|450.00|1||102|0.00|0.00|0.00|0.00|450.00||5.102|-4.0000
4154546454|PORTAO DECK RETO|M2||31.579|20.00|190.00|250.00|3||102|0.00|0.00|0.00|0.00|250.00||5.102|-11.2100
5264151561|TABUA PINUS SUPER GROSSA 25X2,5 CM|UN||47.799|0.00|15.90|23.50|1|||0.00|0.00|0.00|0.00|23.50|||-4.0000
0154546|GRAMPO DE TELHA|UN||83.333|0.00|0.60|1.10|1|||0.00|0.00|0.00|0.00|1.10|||0.0000
7890100300116|TELHA VIDRO AMERICANA|UN||62.791|0.00|43.00|70.00|1|||0.00|0.00|0.00|0.00|70.00|||-9.0000
7890100300123|PORTA EUCALIPTO SORRISO 60 CM|UN||43.813|0.00|299.00|430.00|1|||0.00|0.00|0.00|0.00|430.00|||-1.0000
7890100300130|TABUA PINUS SUPER GROSSA 20X2,5 C/3,00|UN||34.804|0.00|10.20|13.75|1|||0.00|0.00|0.00|0.00|13.75|||-38.0000
7890100300147|ADUELA CEDRINHO 20 CM|UN||80.000|0.00|75.00|135.00|1|||0.00|0.00|0.00|0.00|135.00|||-2.0000
7890100300154|TRINCO 10 CM|UN||150.000|0.00|4.00|10.00|1|||0.00|0.00|0.00|0.00|10.00|||0.0000
7890100300161|TRINCO 15 CM|UN||66.667|0.00|9.00|15.00|1|||0.00|0.00|0.00|0.00|15.00|||0.0000
7890100300185|TELHA ESMALTADA 1 FACE VINHO|UN||73.333|0.00|1.50|2.60|1|||0.00|0.00|0.00|0.00|2.60|||-4295.0000
7890100300192|CAPA ESMALTADA VINHO|UN||43.590|0.00|3.90|5.60|1|||0.00|0.00|0.00|0.00|5.60|||-185.0000
7890100300208|TELHA FRANCESA|UN||30.000|0.00|2.00|2.60|1|||0.00|0.00|0.00|0.00|2.60|||
7890100300215|PORTA MISTA 19 ALMOFADA 60 CM|UN||136.364|0.00|110.00|260.00|1|||0.00|0.00|0.00|0.00|260.00|||9.0000
7890100300222|PORTA MISTA 19 ALMOFADA 70 CM|UN||136.364|0.00|110.00|260.00|1|||0.00|0.00|0.00|0.00|260.00|||8.0000
7890100300239|PORTA MISTA 19 ALMOFADA 80 CM|UN||136.364|0.00|110.00|260.00|1|||0.00|0.00|0.00|0.00|260.00|||19.0000
7890100300246|CUMEEIRA ESMALTADA VINHO|UN||0.000|0.00|0.00|6.80|1|||0.00|0.00|0.00|0.00|6.80|||-185.0000
